time,active_links,d0_x,d0_y,d0_z,d1_x,d1_y,d1_z,d2_x,d2_y,d2_z,d3_x,d3_y,d3_z
0.0000,6,-4.000,4.000,0.200,4.000,4.000,0.200,-4.000,-4.000,0.200,4.000,-4.000,0.200
0.0100,6,-4.000,4.000,0.201,4.000,4.000,0.201,-4.000,-4.000,0.201,4.000,-4.000,0.201
0.0200,6,-4.000,4.000,0.202,4.000,4.000,0.202,-4.000,-4.000,0.202,4.000,-4.000,0.202
0.0300,6,-4.000,4.000,0.203,4.000,4.000,0.203,-4.000,-4.000,0.203,4.000,-4.000,0.203
0.0400,6,-4.000,4.000,0.204,4.000,4.000,0.204,-4.000,-4.000,0.204,4.000,-4.000,0.204
0.0500,6,-4.000,4.000,0.206,4.000,4.000,0.206,-4.000,-4.000,0.206,4.000,-4.000,0.206
0.0600,6,-4.000,4.000,0.208,4.000,4.000,0.208,-4.000,-4.000,0.208,4.000,-4.000,0.208
0.0700,6,-4.000,4.000,0.211,4.000,4.000,0.211,-4.000,-4.000,0.211,4.000,-4.000,0.211
0.0800,6,-4.000,4.000,0.213,4.000,4.000,0.213,-4.000,-4.000,0.213,4.000,-4.000,0.213
0.0900,6,-4.000,4.000,0.216,4.000,4.000,0.216,-4.000,-4.000,0.216,4.000,-4.000,0.216
0.1000,6,-4.000,4.000,0.219,4.000,4.000,0.219,-4.000,-4.000,0.219,4.000,-4.000,0.219
0.1100,6,-4.000,4.000,0.223,4.000,4.000,0.223,-4.000,-4.000,0.223,4.000,-4.000,0.223
0.1200,6,-4.000,4.000,0.227,4.000,4.000,0.227,-4.000,-4.000,0.227,4.000,-4.000,0.227
0.1300,6,-4.000,4.000,0.231,4.000,4.000,0.231,-4.000,-4.000,0.231,4.000,-4.000,0.231
0.1400,6,-4.000,4.000,0.235,4.000,4.000,0.235,-4.000,-4.000,0.235,4.000,-4.000,0.235
0.1500,6,-4.000,4.000,0.240,4.000,4.000,0.240,-4.000,-4.000,0.240,4.000,-4.000,0.240
0.1600,6,-4.000,4.000,0.245,4.000,4.000,0.245,-4.000,-4.000,0.245,4.000,-4.000,0.245
0.1700,6,-4.000,4.000,0.250,4.000,4.000,0.250,-4.000,-4.000,0.250,4.000,-4.000,0.250
0.1800,6,-4.000,4.000,0.256,4.000,4.000,0.256,-4.000,-4.000,0.256,4.000,-4.000,0.256
0.1900,6,-4.000,4.000,0.261,4.000,4.000,0.261,-4.000,-4.000,0.261,4.000,-4.000,0.261
0.2000,6,-4.000,4.000,0.268,4.000,4.000,0.268,-4.000,-4.000,0.268,4.000,-4.000,0.268
0.2100,6,-4.000,4.000,0.274,4.000,4.000,0.274,-4.000,-4.000,0.274,4.000,-4.000,0.274
0.2200,6,-4.000,4.000,0.281,4.000,4.000,0.281,-4.000,-4.000,0.281,4.000,-4.000,0.281
0.2300,6,-4.000,4.000,0.288,4.000,4.000,0.288,-4.000,-4.000,0.288,4.000,-4.000,0.288
0.2400,6,-4.000,4.000,0.295,4.000,4.000,0.295,-4.000,-4.000,0.295,4.000,-4.000,0.295
0.2500,6,-4.000,4.000,0.302,4.000,4.000,0.302,-4.000,-4.000,0.302,4.000,-4.000,0.302
0.2600,6,-4.000,4.000,0.310,4.000,4.000,0.310,-4.000,-4.000,0.310,4.000,-4.000,0.310
0.2700,6,-4.000,4.000,0.318,4.000,4.000,0.318,-4.000,-4.000,0.318,4.000,-4.000,0.318
0.2800,6,-4.000,4.000,0.327,4.000,4.000,0.327,-4.000,-4.000,0.327,4.000,-4.000,0.327
0.2900,6,-4.000,4.000,0.335,4.000,4.000,0.335,-4.000,-4.000,0.335,4.000,-4.000,0.335
0.3000,6,-4.000,4.000,0.344,4.000,4.000,0.344,-4.000,-4.000,0.344,4.000,-4.000,0.344
0.3100,6,-4.000,4.000,0.354,4.000,4.000,0.354,-4.000,-4.000,0.354,4.000,-4.000,0.354
0.3200,6,-4.000,4.000,0.363,4.000,4.000,0.363,-4.000,-4.000,0.363,4.000,-4.000,0.363
0.3300,6,-4.000,4.000,0.373,4.000,4.000,0.373,-4.000,-4.000,0.373,4.000,-4.000,0.373
0.3400,6,-4.000,4.000,0.383,4.000,4.000,0.383,-4.000,-4.000,0.383,4.000,-4.000,0.383
0.3500,6,-4.000,4.000,0.393,4.000,4.000,0.393,-4.000,-4.000,0.393,4.000,-4.000,0.393
0.3600,6,-4.000,4.000,0.404,4.000,4.000,0.404,-4.000,-4.000,0.404,4.000,-4.000,0.404
0.3700,6,-4.000,4.000,0.415,4.000,4.000,0.415,-4.000,-4.000,0.415,4.000,-4.000,0.415
0.3800,6,-4.000,4.000,0.426,4.000,4.000,0.426,-4.000,-4.000,0.426,4.000,-4.000,0.426
0.3900,6,-4.000,4.000,0.438,4.000,4.000,0.438,-4.000,-4.000,0.438,4.000,-4.000,0.438
0.4000,6,-4.000,4.000,0.449,4.000,4.000,0.449,-4.000,-4.000,0.449,4.000,-4.000,0.449
0.4100,6,-4.000,4.000,0.462,4.000,4.000,0.462,-4.000,-4.000,0.462,4.000,-4.000,0.462
0.4200,6,-4.000,4.000,0.474,4.000,4.000,0.474,-4.000,-4.000,0.474,4.000,-4.000,0.474
0.4300,6,-4.000,4.000,0.486,4.000,4.000,0.486,-4.000,-4.000,0.486,4.000,-4.000,0.486
0.4400,6,-4.000,4.000,0.499,4.000,4.000,0.499,-4.000,-4.000,0.499,4.000,-4.000,0.499
0.4500,6,-4.000,4.000,0.512,4.000,4.000,0.512,-4.000,-4.000,0.512,4.000,-4.000,0.512
0.4600,6,-4.000,4.000,0.526,4.000,4.000,0.526,-4.000,-4.000,0.526,4.000,-4.000,0.526
0.4700,6,-4.000,4.000,0.540,4.000,4.000,0.540,-4.000,-4.000,0.540,4.000,-4.000,0.540
0.4800,6,-4.000,4.000,0.554,4.000,4.000,0.554,-4.000,-4.000,0.554,4.000,-4.000,0.554
0.4900,6,-4.000,4.000,0.568,4.000,4.000,0.568,-4.000,-4.000,0.568,4.000,-4.000,0.568
0.5000,6,-4.000,4.000,0.582,4.000,4.000,0.582,-4.000,-4.000,0.582,4.000,-4.000,0.582
0.5100,6,-4.000,4.000,0.597,4.000,4.000,0.597,-4.000,-4.000,0.597,4.000,-4.000,0.597
0.5200,6,-4.000,4.000,0.612,4.000,4.000,0.612,-4.000,-4.000,0.612,4.000,-4.000,0.612
0.5300,6,-4.000,4.000,0.628,4.000,4.000,0.628,-4.000,-4.000,0.628,4.000,-4.000,0.628
0.5400,6,-4.000,4.000,0.643,4.000,4.000,0.643,-4.000,-4.000,0.643,4.000,-4.000,0.643
0.5500,6,-4.000,4.000,0.659,4.000,4.000,0.659,-4.000,-4.000,0.659,4.000,-4.000,0.659
0.5600,6,-4.000,4.000,0.675,4.000,4.000,0.675,-4.000,-4.000,0.675,4.000,-4.000,0.675
0.5700,6,-4.000,4.000,0.692,4.000,4.000,0.692,-4.000,-4.000,0.692,4.000,-4.000,0.692
0.5800,6,-4.000,4.000,0.708,4.000,4.000,0.708,-4.000,-4.000,0.708,4.000,-4.000,0.708
0.5900,6,-4.000,4.000,0.725,4.000,4.000,0.725,-4.000,-4.000,0.725,4.000,-4.000,0.725
0.6000,6,-4.000,4.000,0.743,4.000,4.000,0.743,-4.000,-4.000,0.743,4.000,-4.000,0.743
0.6100,6,-4.000,4.000,0.760,4.000,4.000,0.760,-4.000,-4.000,0.760,4.000,-4.000,0.760
0.6200,6,-4.000,4.000,0.778,4.000,4.000,0.778,-4.000,-4.000,0.778,4.000,-4.000,0.778
0.6300,6,-4.000,4.000,0.796,4.000,4.000,0.796,-4.000,-4.000,0.796,4.000,-4.000,0.796
0.6400,6,-4.000,4.000,0.814,4.000,4.000,0.814,-4.000,-4.000,0.814,4.000,-4.000,0.814
0.6500,6,-4.000,4.000,0.833,4.000,4.000,0.833,-4.000,-4.000,0.832,4.000,-4.000,0.833
0.6600,6,-4.000,4.000,0.852,4.000,4.000,0.852,-4.000,-4.000,0.851,4.000,-4.000,0.852
0.6700,6,-4.000,4.000,0.871,4.000,4.000,0.871,-4.000,-4.000,0.870,4.000,-4.000,0.871
0.6800,6,-4.000,4.000,0.890,4.000,4.000,0.890,-4.000,-4.000,0.888,4.000,-4.000,0.890
0.6900,6,-4.000,4.000,0.910,4.000,4.000,0.910,-4.000,-4.000,0.908,4.000,-4.000,0.910
0.7000,6,-4.000,4.000,0.930,4.000,4.000,0.930,-4.000,-4.000,0.927,4.000,-4.000,0.930
0.7100,6,-4.000,4.000,0.950,4.000,4.000,0.950,-4.000,-4.000,0.946,4.000,-4.000,0.950
0.7200,6,-4.000,4.000,0.970,4.000,4.000,0.970,-4.000,-4.000,0.966,4.000,-4.000,0.970
0.7300,6,-4.000,4.000,0.991,4.000,4.000,0.991,-4.000,-4.000,0.985,4.000,-4.000,0.991
0.7400,6,-4.000,4.000,1.012,4.000,4.000,1.012,-4.000,-4.000,1.005,4.000,-4.000,1.012
0.7500,6,-4.000,4.000,1.033,4.000,4.000,1.033,-4.000,-4.000,1.025,4.000,-4.000,1.033
0.7600,6,-4.000,4.000,1.055,4.000,4.000,1.055,-4.000,-4.000,1.044,4.000,-4.000,1.055
0.7700,6,-4.000,4.000,1.077,4.000,4.000,1.077,-4.000,-4.000,1.064,4.000,-4.000,1.077
0.7800,6,-4.000,4.000,1.099,4.000,4.000,1.099,-4.000,-4.000,1.084,4.000,-4.000,1.099
0.7900,6,-4.000,4.000,1.121,4.000,4.000,1.121,-4.000,-4.000,1.104,4.000,-4.000,1.121
0.8000,6,-4.000,4.000,1.144,4.000,4.000,1.144,-4.000,-4.000,1.123,4.000,-4.000,1.144
0.8100,6,-4.000,4.000,1.166,4.000,4.000,1.166,-4.000,-4.000,1.143,4.000,-4.000,1.166
0.8200,6,-4.000,4.000,1.189,4.000,4.000,1.189,-4.000,-4.000,1.163,4.000,-4.000,1.189
0.8300,6,-4.000,4.000,1.213,4.000,4.000,1.213,-4.000,-4.000,1.183,4.000,-4.000,1.213
0.8400,6,-4.000,4.000,1.236,4.000,4.000,1.236,-4.000,-4.000,1.202,4.000,-4.000,1.236
0.8500,6,-4.000,4.000,1.260,4.000,4.000,1.260,-4.000,-4.000,1.222,4.000,-4.000,1.260
0.8600,6,-4.000,4.000,1.284,4.000,4.000,1.284,-4.000,-4.000,1.241,4.000,-4.000,1.284
0.8700,6,-4.000,4.000,1.309,4.000,4.000,1.309,-4.000,-4.000,1.261,4.000,-4.000,1.309
0.8800,6,-4.000,4.000,1.333,4.000,4.000,1.333,-4.000,-4.000,1.280,4.000,-4.000,1.333
0.8900,6,-4.000,4.000,1.358,4.000,4.000,1.358,-4.000,-4.000,1.299,4.000,-4.000,1.358
0.9000,6,-4.000,4.000,1.383,4.000,4.000,1.383,-4.000,-4.000,1.318,4.000,-4.000,1.383
0.9100,6,-4.000,4.000,1.409,4.000,4.000,1.409,-4.000,-4.000,1.338,4.000,-4.000,1.409
0.9200,6,-4.000,4.000,1.435,4.000,4.000,1.435,-4.000,-4.000,1.357,4.000,-4.000,1.435
0.9300,6,-4.000,4.000,1.461,4.000,4.000,1.461,-4.000,-4.000,1.375,4.000,-4.000,1.461
0.9400,6,-4.000,4.000,1.487,4.000,4.000,1.487,-4.000,-4.000,1.394,4.000,-4.000,1.487
0.9500,6,-4.000,4.000,1.513,4.000,4.000,1.513,-4.000,-4.000,1.413,4.000,-4.000,1.513
0.9600,6,-4.000,4.000,1.540,4.000,4.000,1.540,-4.000,-4.000,1.432,4.000,-4.000,1.540
0.9700,6,-4.000,4.000,1.567,4.000,4.000,1.567,-4.000,-4.000,1.450,4.000,-4.000,1.567
0.9800,6,-4.000,4.000,1.594,4.000,4.000,1.594,-4.000,-4.000,1.468,4.000,-4.000,1.594
0.9900,6,-4.000,4.000,1.621,4.000,4.000,1.622,-4.000,-4.000,1.487,4.000,-4.000,1.621
1.0000,6,-4.000,4.000,1.648,4.000,4.000,1.649,-4.000,-4.000,1.505,4.000,-4.000,1.649
1.0100,6,-4.000,4.000,1.676,4.000,4.000,1.677,-4.000,-4.000,1.523,4.000,-4.000,1.677
1.0200,6,-4.000,4.000,1.704,4.000,4.000,1.705,-4.000,-4.000,1.541,4.000,-4.000,1.705
1.0300,6,-4.000,4.000,1.732,4.000,4.000,1.734,-4.000,-4.000,1.559,4.000,-4.000,1.733
1.0400,6,-4.000,4.000,1.760,4.000,4.000,1.763,-4.000,-4.000,1.576,4.000,-4.000,1.761
1.0500,6,-4.000,4.000,1.788,4.000,4.000,1.792,-4.000,-4.000,1.594,4.000,-4.000,1.789
1.0600,6,-4.000,4.000,1.816,4.000,4.000,1.821,-4.000,-4.000,1.611,4.000,-4.000,1.818
1.0700,6,-4.000,4.000,1.844,4.000,4.000,1.850,-4.000,-4.000,1.628,4.000,-4.000,1.847
1.0800,6,-4.000,4.000,1.872,4.000,4.000,1.880,-4.000,-4.000,1.646,4.000,-4.000,1.875
1.0900,6,-4.000,4.000,1.900,4.000,4.000,1.910,-4.000,-4.000,1.663,4.000,-4.000,1.904
1.1000,6,-4.000,4.000,1.928,4.000,4.000,1.940,-4.000,-4.000,1.680,4.000,-4.000,1.933
1.1100,6,-4.000,4.000,1.957,4.000,4.000,1.971,-4.000,-4.000,1.696,4.000,-4.000,1.961
1.1200,6,-4.000,4.000,1.985,4.000,4.000,2.002,-4.000,-4.000,1.713,4.000,-4.000,1.990
1.1300,6,-4.000,4.000,2.013,4.000,4.000,2.033,-4.000,-4.000,1.730,4.000,-4.000,2.019
1.1400,6,-4.000,4.000,2.040,4.000,4.000,2.064,-4.000,-4.000,1.746,4.000,-4.000,2.047
1.1500,6,-4.000,4.000,2.068,4.000,4.000,2.095,-4.000,-4.000,1.762,4.000,-4.000,2.076
1.1600,6,-4.000,4.000,2.096,4.000,4.000,2.127,-4.000,-4.000,1.779,4.000,-4.000,2.104
1.1700,6,-4.000,4.000,2.124,4.000,4.000,2.158,-4.000,-4.000,1.795,4.000,-4.000,2.132
1.1800,6,-4.000,4.000,2.151,4.000,4.000,2.190,-4.000,-4.000,1.811,4.000,-4.000,2.161
1.1900,6,-4.000,4.000,2.179,4.000,4.000,2.222,-4.000,-4.000,1.826,4.000,-4.000,2.189
1.2000,6,-4.000,4.000,2.206,4.000,4.000,2.254,-4.000,-4.000,1.842,4.000,-4.000,2.217
1.2100,6,-4.000,4.000,2.233,4.000,4.000,2.286,-4.000,-4.000,1.858,4.000,-4.000,2.244
1.2200,6,-4.000,4.000,2.260,4.000,4.000,2.318,-4.000,-4.000,1.873,4.000,-4.000,2.272
1.2300,6,-4.000,4.000,2.287,4.000,4.000,2.351,-4.000,-4.000,1.889,4.000,-4.000,2.300
1.2400,6,-4.000,4.000,2.313,4.000,4.000,2.383,-4.000,-4.000,1.904,4.000,-4.000,2.327
1.2500,6,-4.000,4.000,2.340,4.000,4.000,2.415,-4.000,-4.000,1.919,4.000,-4.000,2.354
1.2600,6,-4.000,4.000,2.366,4.000,4.000,2.447,-4.000,-4.000,1.934,4.000,-4.000,2.382
1.2700,6,-4.000,4.000,2.392,4.000,4.000,2.479,-4.000,-4.000,1.949,4.000,-4.000,2.408
1.2800,6,-4.000,4.000,2.418,4.000,4.000,2.511,-4.000,-4.000,1.963,4.000,-4.000,2.435
1.2900,6,-4.000,4.000,2.444,4.000,4.000,2.542,-4.000,-4.000,1.978,4.000,-4.000,2.462
1.3000,6,-4.000,4.000,2.469,4.000,4.000,2.574,-4.000,-4.000,1.993,4.000,-4.000,2.488
1.3100,6,-4.000,4.000,2.495,4.000,4.000,2.605,-4.000,-4.000,2.007,4.000,-4.000,2.514
1.3200,6,-4.000,4.000,2.520,4.000,4.000,2.637,-4.000,-4.000,2.021,4.000,-4.000,2.540
1.3300,6,-4.000,4.000,2.545,4.000,4.000,2.668,-4.000,-4.000,2.035,4.000,-4.000,2.566
1.3400,6,-4.000,4.000,2.570,4.000,4.000,2.699,-4.000,-4.000,2.050,4.000,-4.000,2.592
1.3500,6,-4.000,4.000,2.594,4.000,4.000,2.729,-4.000,-4.000,2.064,4.000,-4.000,2.617
1.3600,6,-4.000,4.000,2.619,4.000,4.000,2.760,-4.000,-4.000,2.077,4.000,-4.000,2.642
1.3700,6,-4.000,4.000,2.643,4.000,4.000,2.790,-4.000,-4.000,2.091,4.000,-4.000,2.667
1.3800,6,-4.000,4.000,2.667,4.000,4.000,2.820,-4.000,-4.000,2.105,4.000,-4.000,2.692
1.3900,6,-4.000,4.000,2.691,4.000,4.000,2.850,-4.000,-4.000,2.118,4.000,-4.000,2.717
1.4000,6,-4.000,4.000,2.715,4.000,4.000,2.879,-4.000,-4.000,2.132,4.000,-4.000,2.741
1.4100,6,-4.000,4.000,2.738,4.000,4.000,2.908,-4.000,-4.000,2.145,4.000,-4.000,2.765
1.4200,6,-4.000,4.000,2.761,4.000,4.000,2.937,-4.000,-4.000,2.158,4.000,-4.000,2.789
1.4300,6,-4.000,4.000,2.784,4.000,4.000,2.966,-4.000,-4.000,2.171,4.000,-4.000,2.813
1.4400,6,-4.000,4.000,2.807,4.000,4.000,2.995,-4.000,-4.000,2.184,4.000,-4.000,2.837
1.4500,6,-4.000,4.000,2.830,4.000,4.000,3.023,-4.000,-4.000,2.197,4.000,-4.000,2.860
1.4600,6,-4.000,4.000,2.852,4.000,4.000,3.051,-4.000,-4.000,2.210,4.000,-4.000,2.884
1.4700,6,-4.000,4.000,2.875,4.000,4.000,3.078,-4.000,-4.000,2.223,4.000,-4.000,2.907
1.4800,6,-4.000,4.000,2.897,4.000,4.000,3.106,-4.000,-4.000,2.235,4.000,-4.000,2.929
1.4900,6,-4.000,4.000,2.919,4.000,4.000,3.133,-4.000,-4.000,2.248,4.000,-4.000,2.952
1.5000,6,-4.000,4.000,2.941,4.000,4.000,3.160,-4.000,-4.000,2.260,4.000,-4.000,2.975
1.5100,6,-4.000,4.000,2.962,4.000,4.000,3.186,-4.000,-4.000,2.272,4.000,-4.000,2.997
1.5200,6,-4.000,4.000,2.984,4.000,4.000,3.213,-4.000,-4.000,2.285,4.000,-4.000,3.019
1.5300,6,-4.000,4.000,3.005,4.000,4.000,3.239,-4.000,-4.000,2.297,4.000,-4.000,3.041
1.5400,6,-4.000,4.000,3.026,4.000,4.000,3.264,-4.000,-4.000,2.309,4.000,-4.000,3.063
1.5500,6,-4.000,4.000,3.047,4.000,4.000,3.290,-4.000,-4.000,2.321,4.000,-4.000,3.084
1.5600,6,-4.000,4.000,3.067,4.000,4.000,3.315,-4.000,-4.000,2.332,4.000,-4.000,3.105
1.5700,6,-4.000,4.000,3.088,4.000,4.000,3.340,-4.000,-4.000,2.344,4.000,-4.000,3.127
1.5800,6,-4.000,4.000,3.108,4.000,4.000,3.364,-4.000,-4.000,2.356,4.000,-4.000,3.148
1.5900,6,-4.000,4.000,3.128,4.000,4.000,3.389,-4.000,-4.000,2.367,4.000,-4.000,3.168
1.6000,6,-4.000,4.000,3.148,4.000,4.000,3.413,-4.000,-4.000,2.379,4.000,-4.000,3.189
1.6100,6,-4.000,4.000,3.168,4.000,4.000,3.437,-4.000,-4.000,2.390,4.000,-4.000,3.209
1.6200,6,-4.000,4.000,3.188,4.000,4.000,3.460,-4.000,-4.000,2.401,4.000,-4.000,3.230
1.6300,6,-4.000,4.000,3.207,4.000,4.000,3.483,-4.000,-4.000,2.412,4.000,-4.000,3.250
1.6400,6,-4.000,4.000,3.227,4.000,4.000,3.506,-4.000,-4.000,2.423,4.000,-4.000,3.270
1.6500,6,-4.000,4.000,3.246,4.000,4.000,3.529,-4.000,-4.000,2.434,4.000,-4.000,3.289
1.6600,6,-4.000,4.000,3.265,4.000,4.000,3.551,-4.000,-4.000,2.445,4.000,-4.000,3.309
1.6700,6,-4.000,4.000,3.284,4.000,4.000,3.574,-4.000,-4.000,2.456,4.000,-4.000,3.328
1.6800,6,-4.000,4.000,3.302,4.000,4.000,3.596,-4.000,-4.000,2.467,4.000,-4.000,3.348
1.6900,6,-4.000,4.000,3.321,4.000,4.000,3.617,-4.000,-4.000,2.477,4.000,-4.000,3.367
1.7000,6,-4.000,4.000,3.339,4.000,4.000,3.639,-4.000,-4.000,2.488,4.000,-4.000,3.385
1.7100,6,-4.000,4.000,3.357,4.000,4.000,3.660,-4.000,-4.000,2.498,4.000,-4.000,3.404
1.7200,6,-4.000,4.000,3.375,4.000,4.000,3.681,-4.000,-4.000,2.509,4.000,-4.000,3.423
1.7300,6,-4.000,4.000,3.393,4.000,4.000,3.701,-4.000,-4.000,2.519,4.000,-4.000,3.441
1.7400,6,-4.000,4.000,3.411,4.000,4.000,3.722,-4.000,-4.000,2.529,4.000,-4.000,3.459
1.7500,6,-4.000,4.000,3.428,4.000,4.000,3.742,-4.000,-4.000,2.539,4.000,-4.000,3.477
1.7600,6,-4.000,4.000,3.446,4.000,4.000,3.762,-4.000,-4.000,2.549,4.000,-4.000,3.495
1.7700,6,-4.000,4.000,3.463,4.000,4.000,3.782,-4.000,-4.000,2.559,4.000,-4.000,3.513
1.7800,6,-4.000,4.000,3.480,4.000,4.000,3.801,-4.000,-4.000,2.569,4.000,-4.000,3.531
1.7900,6,-4.000,4.000,3.497,4.000,4.000,3.820,-4.000,-4.000,2.579,4.000,-4.000,3.548
1.8000,6,-4.000,4.000,3.514,4.000,4.000,3.839,-4.000,-4.000,2.589,4.000,-4.000,3.566
1.8100,6,-4.000,4.000,3.531,4.000,4.000,3.858,-4.000,-4.000,2.598,4.000,-4.000,3.583
1.8200,6,-4.000,4.000,3.547,4.000,4.000,3.877,-4.000,-4.000,2.608,4.000,-4.000,3.600
1.8300,6,-4.000,4.000,3.563,4.000,4.000,3.895,-4.000,-4.000,2.617,4.000,-4.000,3.617
1.8400,6,-4.000,4.000,3.580,4.000,4.000,3.913,-4.000,-4.000,2.627,4.000,-4.000,3.633
1.8500,6,-4.000,4.000,3.596,4.000,4.000,3.931,-4.000,-4.000,2.636,4.000,-4.000,3.650
1.8600,6,-4.000,4.000,3.612,4.000,4.000,3.949,-4.000,-4.000,2.645,4.000,-4.000,3.666
1.8700,6,-4.000,4.000,3.628,4.000,4.000,3.966,-4.000,-4.000,2.654,4.000,-4.000,3.682
1.8800,6,-4.000,4.000,3.643,4.000,4.000,3.983,-4.000,-4.000,2.663,4.000,-4.000,3.699
1.8900,6,-4.000,4.000,3.659,4.000,4.000,4.000,-4.000,-4.000,2.672,4.000,-4.000,3.715
1.9000,6,-4.000,4.000,3.674,4.000,4.000,4.017,-4.000,-4.000,2.681,4.000,-4.000,3.730
1.9100,6,-4.000,4.000,3.689,4.000,4.000,4.034,-4.000,-4.000,2.690,4.000,-4.000,3.746
1.9200,6,-4.000,4.000,3.705,4.000,4.000,4.050,-4.000,-4.000,2.699,4.000,-4.000,3.762
1.9300,6,-4.000,4.000,3.720,4.000,4.000,4.066,-4.000,-4.000,2.708,4.000,-4.000,3.777
1.9400,6,-4.000,4.000,3.734,4.000,4.000,4.082,-4.000,-4.000,2.716,4.000,-4.000,3.792
1.9500,6,-4.000,4.000,3.749,4.000,4.000,4.098,-4.000,-4.000,2.725,4.000,-4.000,3.808
1.9600,6,-4.000,4.000,3.764,4.000,4.000,4.114,-4.000,-4.000,2.733,4.000,-4.000,3.823
1.9700,6,-4.000,4.000,3.778,4.000,4.000,4.129,-4.000,-4.000,2.742,4.000,-4.000,3.837
1.9800,6,-4.000,4.000,3.793,4.000,4.000,4.145,-4.000,-4.000,2.750,4.000,-4.000,3.852
1.9900,6,-4.000,4.000,3.807,4.000,4.000,4.160,-4.000,-4.000,2.759,4.000,-4.000,3.867
2.0000,6,-4.000,4.000,3.821,4.000,4.000,4.174,-4.000,-4.000,2.767,4.000,-4.000,3.881
2.0100,6,-4.000,4.000,3.835,4.000,4.000,4.189,-4.000,-4.000,2.775,4.000,-4.000,3.896
2.0200,6,-4.000,4.000,3.849,4.000,4.000,4.204,-4.000,-4.000,2.783,4.000,-4.000,3.910
2.0300,6,-4.000,4.000,3.863,4.000,4.000,4.218,-4.000,-4.000,2.791,4.000,-4.000,3.924
2.0400,6,-4.000,4.000,3.876,4.000,4.000,4.232,-4.000,-4.000,2.799,4.000,-4.000,3.938
2.0500,6,-4.000,4.000,3.890,4.000,4.000,4.246,-4.000,-4.000,2.807,4.000,-4.000,3.952
2.0600,6,-4.000,4.000,3.903,4.000,4.000,4.260,-4.000,-4.000,2.815,4.000,-4.000,3.966
2.0700,6,-4.000,4.000,3.916,4.000,4.000,4.273,-4.000,-4.000,2.823,4.000,-4.000,3.979
2.0800,6,-4.000,4.000,3.930,4.000,4.000,4.287,-4.000,-4.000,2.830,4.000,-4.000,3.993
2.0900,6,-4.000,4.000,3.943,4.000,4.000,4.300,-4.000,-4.000,2.838,4.000,-4.000,4.006
2.1000,6,-4.000,4.000,3.956,4.000,4.000,4.313,-4.000,-4.000,2.846,4.000,-4.000,4.020
2.1100,6,-4.000,4.000,3.968,4.000,4.000,4.326,-4.000,-4.000,2.853,4.000,-4.000,4.033
2.1200,6,-4.000,4.000,3.981,4.000,4.000,4.339,-4.000,-4.000,2.861,4.000,-4.000,4.046
2.1300,6,-4.000,4.000,3.994,4.000,4.000,4.352,-4.000,-4.000,2.868,4.000,-4.000,4.059
2.1400,6,-4.000,4.000,4.006,4.000,4.000,4.364,-4.000,-4.000,2.875,4.000,-4.000,4.072
2.1500,6,-4.000,4.000,4.019,4.000,4.000,4.376,-4.000,-4.000,2.883,4.000,-4.000,4.084
2.1600,6,-4.000,4.000,4.031,4.000,4.000,4.388,-4.000,-4.000,2.890,4.000,-4.000,4.097
2.1700,6,-4.000,4.000,4.043,4.000,4.000,4.400,-4.000,-4.000,2.897,4.000,-4.000,4.109
2.1800,6,-4.000,4.000,4.055,4.000,4.000,4.412,-4.000,-4.000,2.904,4.000,-4.000,4.122
2.1900,6,-4.000,4.000,4.067,4.000,4.000,4.424,-4.000,-4.000,2.911,4.000,-4.000,4.134
2.2000,6,-4.000,4.000,4.079,4.000,4.000,4.436,-4.000,-4.000,2.918,4.000,-4.000,4.146
2.2100,6,-4.000,4.000,4.091,4.000,4.000,4.447,-4.000,-4.000,2.925,4.000,-4.000,4.158
2.2200,6,-4.000,4.000,4.102,4.000,4.000,4.458,-4.000,-4.000,2.932,4.000,-4.000,4.170
2.2300,6,-4.000,4.000,4.114,4.000,4.000,4.469,-4.000,-4.000,2.939,4.000,-4.000,4.182
2.2400,6,-4.000,4.000,4.125,4.000,4.000,4.480,-4.000,-4.000,2.946,4.000,-4.000,4.194
2.2500,6,-4.000,4.000,4.137,4.000,4.000,4.491,-4.000,-4.000,2.952,4.000,-4.000,4.205
2.2600,6,-4.000,4.000,4.148,4.000,4.000,4.502,-4.000,-4.000,2.959,4.000,-4.000,4.217
2.2700,6,-4.000,4.000,4.159,4.000,4.000,4.513,-4.000,-4.000,2.966,4.000,-4.000,4.228
2.2800,6,-4.000,4.000,4.170,4.000,4.000,4.523,-4.000,-4.000,2.972,4.000,-4.000,4.240
2.2900,6,-4.000,4.000,4.181,4.000,4.000,4.533,-4.000,-4.000,2.979,4.000,-4.000,4.251
2.3000,6,-4.000,4.000,4.192,4.000,4.000,4.544,-4.000,-4.000,2.985,4.000,-4.000,4.262
2.3100,6,-4.000,4.000,4.203,4.000,4.000,4.554,-4.000,-4.000,2.991,4.000,-4.000,4.273
2.3200,6,-4.000,4.000,4.213,4.000,4.000,4.564,-4.000,-4.000,2.998,4.000,-4.000,4.284
2.3300,6,-4.000,4.000,4.224,4.000,4.000,4.573,-4.000,-4.000,3.004,4.000,-4.000,4.295
2.3400,6,-4.000,4.000,4.234,4.000,4.000,4.583,-4.000,-4.000,3.010,4.000,-4.000,4.305
2.3500,6,-4.000,4.000,4.245,4.000,4.000,4.593,-4.000,-4.000,3.017,4.000,-4.000,4.316
2.3600,6,-4.000,4.000,4.255,4.000,4.000,4.602,-4.000,-4.000,3.023,4.000,-4.000,4.327
2.3700,6,-4.000,4.000,4.265,4.000,4.000,4.611,-4.000,-4.000,3.029,4.000,-4.000,4.337
2.3800,6,-4.000,4.000,4.275,4.000,4.000,4.621,-4.000,-4.000,3.035,4.000,-4.000,4.347
2.3900,6,-4.000,4.000,4.285,4.000,4.000,4.630,-4.000,-4.000,3.041,4.000,-4.000,4.358
2.4000,6,-4.000,4.000,4.295,4.000,4.000,4.639,-4.000,-4.000,3.047,4.000,-4.000,4.368
2.4100,6,-4.000,4.000,4.305,4.000,4.000,4.648,-4.000,-4.000,3.053,4.000,-4.000,4.378
2.4200,6,-4.000,4.000,4.315,4.000,4.000,4.656,-4.000,-4.000,3.058,4.000,-4.000,4.388
2.4300,6,-4.000,4.000,4.324,4.000,4.000,4.665,-4.000,-4.000,3.064,4.000,-4.000,4.398
2.4400,6,-4.000,4.000,4.334,4.000,4.000,4.674,-4.000,-4.000,3.070,4.000,-4.000,4.408
2.4500,6,-4.000,4.000,4.344,4.000,4.000,4.682,-4.000,-4.000,3.076,4.000,-4.000,4.417
2.4600,6,-4.000,4.000,4.353,4.000,4.000,4.690,-4.000,-4.000,3.081,4.000,-4.000,4.427
2.4700,6,-4.000,4.000,4.362,4.000,4.000,4.699,-4.000,-4.000,3.087,4.000,-4.000,4.436
2.4800,6,-4.000,4.000,4.372,4.000,4.000,4.707,-4.000,-4.000,3.092,4.000,-4.000,4.446
2.4900,6,-4.000,4.000,4.381,4.000,4.000,4.715,-4.000,-4.000,3.098,4.000,-4.000,4.455
2.5000,6,-4.000,4.000,4.390,4.000,4.000,4.723,-4.000,-4.000,3.103,4.000,-4.000,4.465
2.5100,6,-4.000,4.000,4.399,4.000,4.000,4.730,-4.000,-4.000,3.109,4.000,-4.000,4.474
2.5200,6,-4.000,4.000,4.408,4.000,4.000,4.738,-4.000,-4.000,3.114,4.000,-4.000,4.483
2.5300,6,-4.000,4.000,4.416,4.000,4.000,4.746,-4.000,-4.000,3.120,4.000,-4.000,4.492
2.5400,6,-4.000,4.000,4.425,4.000,4.000,4.753,-4.000,-4.000,3.125,4.000,-4.000,4.501
2.5500,6,-4.000,4.000,4.434,4.000,4.000,4.761,-4.000,-4.000,3.130,4.000,-4.000,4.510
2.5600,6,-4.000,4.000,4.443,4.000,4.000,4.768,-4.000,-4.000,3.135,4.000,-4.000,4.519
2.5700,6,-4.000,4.000,4.451,4.000,4.000,4.775,-4.000,-4.000,3.141,4.000,-4.000,4.527
2.5800,6,-4.000,4.000,4.460,4.000,4.000,4.783,-4.000,-4.000,3.146,4.000,-4.000,4.536
2.5900,6,-4.000,4.000,4.468,4.000,4.000,4.790,-4.000,-4.000,3.151,4.000,-4.000,4.544
2.6000,6,-4.000,4.000,4.476,4.000,4.000,4.797,-4.000,-4.000,3.156,4.000,-4.000,4.553
2.6100,6,-4.000,4.000,4.484,4.000,4.000,4.803,-4.000,-4.000,3.161,4.000,-4.000,4.561
2.6200,6,-4.000,4.000,4.493,4.000,4.000,4.810,-4.000,-4.000,3.166,4.000,-4.000,4.570
2.6300,6,-4.000,4.000,4.501,4.000,4.000,4.817,-4.000,-4.000,3.171,4.000,-4.000,4.578
2.6400,6,-4.000,4.000,4.509,4.000,4.000,4.824,-4.000,-4.000,3.176,4.000,-4.000,4.586
2.6500,6,-4.000,4.000,4.517,4.000,4.000,4.830,-4.000,-4.000,3.180,4.000,-4.000,4.594
2.6600,6,-4.000,4.000,4.524,4.000,4.000,4.837,-4.000,-4.000,3.185,4.000,-4.000,4.602
2.6700,6,-4.000,4.000,4.532,4.000,4.000,4.843,-4.000,-4.000,3.190,4.000,-4.000,4.610
2.6800,6,-4.000,4.000,4.540,4.000,4.000,4.849,-4.000,-4.000,3.195,4.000,-4.000,4.618
2.6900,6,-4.000,4.000,4.548,4.000,4.000,4.856,-4.000,-4.000,3.199,4.000,-4.000,4.626
2.7000,6,-4.000,4.000,4.555,4.000,4.000,4.862,-4.000,-4.000,3.204,4.000,-4.000,4.634
2.7100,6,-4.000,4.000,4.563,4.000,4.000,4.868,-4.000,-4.000,3.209,4.000,-4.000,4.641
2.7200,6,-4.000,4.000,4.570,4.000,4.000,4.874,-4.000,-4.000,3.213,4.000,-4.000,4.649
2.7300,6,-4.000,4.000,4.578,4.000,4.000,4.880,-4.000,-4.000,3.218,4.000,-4.000,4.657
2.7400,6,-4.000,4.000,4.585,4.000,4.000,4.885,-4.000,-4.000,3.222,4.000,-4.000,4.664
2.7500,6,-4.000,4.000,4.592,4.000,4.000,4.891,-4.000,-4.000,3.227,4.000,-4.000,4.671
2.7600,6,-4.000,4.000,4.599,4.000,4.000,4.897,-4.000,-4.000,3.231,4.000,-4.000,4.679
2.7700,6,-4.000,4.000,4.606,4.000,4.000,4.902,-4.000,-4.000,3.235,4.000,-4.000,4.686
2.7800,6,-4.000,4.000,4.614,4.000,4.000,4.908,-4.000,-4.000,3.240,4.000,-4.000,4.693
2.7900,6,-4.000,4.000,4.621,4.000,4.000,4.913,-4.000,-4.000,3.244,4.000,-4.000,4.700
2.8000,6,-4.000,4.000,4.627,4.000,4.000,4.919,-4.000,-4.000,3.248,4.000,-4.000,4.707
2.8100,6,-4.000,4.000,4.634,4.000,4.000,4.924,-4.000,-4.000,3.253,4.000,-4.000,4.714
2.8200,6,-4.000,4.000,4.641,4.000,4.000,4.929,-4.000,-4.000,3.257,4.000,-4.000,4.721
2.8300,6,-4.000,4.000,4.648,4.000,4.000,4.935,-4.000,-4.000,3.261,4.000,-4.000,4.728
2.8400,6,-4.000,4.000,4.655,4.000,4.000,4.940,-4.000,-4.000,3.265,4.000,-4.000,4.735
2.8500,6,-4.000,4.000,4.661,4.000,4.000,4.945,-4.000,-4.000,3.269,4.000,-4.000,4.742
2.8600,6,-4.000,4.000,4.668,4.000,4.000,4.950,-4.000,-4.000,3.273,4.000,-4.000,4.749
2.8700,6,-4.000,4.000,4.674,4.000,4.000,4.955,-4.000,-4.000,3.277,4.000,-4.000,4.755
2.8800,6,-4.000,4.000,4.681,4.000,4.000,4.960,-4.000,-4.000,3.281,4.000,-4.000,4.762
2.8900,6,-4.000,4.000,4.687,4.000,4.000,4.964,-4.000,-4.000,3.285,4.000,-4.000,4.768
2.9000,6,-4.000,4.000,4.693,4.000,4.000,4.969,-4.000,-4.000,3.289,4.000,-4.000,4.775
2.9100,6,-4.000,4.000,4.700,4.000,4.000,4.974,-4.000,-4.000,3.293,4.000,-4.000,4.781
2.9200,6,-4.000,4.000,4.706,4.000,4.000,4.978,-4.000,-4.000,3.297,4.000,-4.000,4.787
2.9300,6,-4.000,4.000,4.712,4.000,4.000,4.983,-4.000,-4.000,3.301,4.000,-4.000,4.794
2.9400,6,-4.000,4.000,4.718,4.000,4.000,4.987,-4.000,-4.000,3.305,4.000,-4.000,4.800
2.9500,6,-4.000,4.000,4.724,4.000,4.000,4.992,-4.000,-4.000,3.309,4.000,-4.000,4.806
2.9600,6,-4.000,4.000,4.730,4.000,4.000,4.996,-4.000,-4.000,3.312,4.000,-4.000,4.812
2.9700,6,-4.000,4.000,4.736,4.000,4.000,5.001,-4.000,-4.000,3.316,4.000,-4.000,4.818
2.9800,6,-4.000,4.000,4.742,4.000,4.000,5.005,-4.000,-4.000,3.320,4.000,-4.000,4.824
2.9900,6,-4.000,4.000,4.748,4.000,4.000,5.009,-4.000,-4.000,3.323,4.000,-4.000,4.830
3.0000,6,-4.000,4.000,4.754,4.000,4.000,5.013,-4.000,-4.000,3.327,4.000,-4.000,4.836
3.0100,6,-4.000,4.000,4.760,4.000,4.000,5.017,-4.000,-4.000,3.331,4.000,-4.000,4.842
3.0200,6,-4.000,4.000,4.765,4.000,4.000,5.021,-4.000,-4.000,3.334,4.000,-4.000,4.848
3.0300,6,-4.000,4.000,4.771,4.000,4.000,5.025,-4.000,-4.000,3.338,4.000,-4.000,4.854
3.0400,6,-4.000,4.000,4.776,4.000,4.000,5.029,-4.000,-4.000,3.341,4.000,-4.000,4.859
3.0500,6,-4.000,4.000,4.782,4.000,4.000,5.033,-4.000,-4.000,3.345,4.000,-4.000,4.865
3.0600,6,-4.000,4.000,4.788,4.000,4.000,5.037,-4.000,-4.000,3.348,4.000,-4.000,4.870
3.0700,6,-4.000,4.000,4.793,4.000,4.000,5.041,-4.000,-4.000,3.352,4.000,-4.000,4.876
3.0800,6,-4.000,4.000,4.798,4.000,4.000,5.045,-4.000,-4.000,3.355,4.000,-4.000,4.882
3.0900,6,-4.000,4.000,4.804,4.000,4.000,5.048,-4.000,-4.000,3.358,4.000,-4.000,4.887
3.1000,6,-4.000,4.000,4.809,4.000,4.000,5.052,-4.000,-4.000,3.362,4.000,-4.000,4.892
3.1100,6,-4.000,4.000,4.814,4.000,4.000,5.055,-4.000,-4.000,3.365,4.000,-4.000,4.898
3.1200,6,-4.000,4.000,4.819,4.000,4.000,5.059,-4.000,-4.000,3.368,4.000,-4.000,4.903
3.1300,6,-4.000,4.000,4.825,4.000,4.000,5.063,-4.000,-4.000,3.372,4.000,-4.000,4.908
3.1400,6,-4.000,4.000,4.830,4.000,4.000,5.066,-4.000,-4.000,3.375,4.000,-4.000,4.913
3.1500,6,-4.000,4.000,4.835,4.000,4.000,5.069,-4.000,-4.000,3.378,4.000,-4.000,4.919
3.1600,6,-4.000,4.000,4.840,4.000,4.000,5.073,-4.000,-4.000,3.381,4.000,-4.000,4.924
3.1700,6,-4.000,4.000,4.845,4.000,4.000,5.076,-4.000,-4.000,3.384,4.000,-4.000,4.929
3.1800,6,-4.000,4.000,4.850,4.000,4.000,5.079,-4.000,-4.000,3.388,4.000,-4.000,4.934
3.1900,6,-4.000,4.000,4.855,4.000,4.000,5.083,-4.000,-4.000,3.391,4.000,-4.000,4.939
3.2000,6,-4.000,4.000,4.859,4.000,4.000,5.086,-4.000,-4.000,3.394,4.000,-4.000,4.944
3.2100,6,-4.000,4.000,4.864,4.000,4.000,5.089,-4.000,-4.000,3.397,4.000,-4.000,4.948
3.2200,6,-4.000,4.000,4.869,4.000,4.000,5.092,-4.000,-4.000,3.400,4.000,-4.000,4.953
3.2300,6,-4.000,4.000,4.874,4.000,4.000,5.095,-4.000,-4.000,3.403,4.000,-4.000,4.958
3.2400,6,-4.000,4.000,4.878,4.000,4.000,5.098,-4.000,-4.000,3.406,4.000,-4.000,4.963
3.2500,6,-4.000,4.000,4.883,4.000,4.000,5.101,-4.000,-4.000,3.409,4.000,-4.000,4.968
3.2600,6,-4.000,4.000,4.888,4.000,4.000,5.104,-4.000,-4.000,3.412,4.000,-4.000,4.972
3.2700,6,-4.000,4.000,4.892,4.000,4.000,5.107,-4.000,-4.000,3.415,4.000,-4.000,4.977
3.2800,6,-4.000,4.000,4.897,4.000,4.000,5.110,-4.000,-4.000,3.417,4.000,-4.000,4.981
3.2900,6,-4.000,4.000,4.901,4.000,4.000,5.113,-4.000,-4.000,3.420,4.000,-4.000,4.986
3.3000,6,-4.000,4.000,4.906,4.000,4.000,5.116,-4.000,-4.000,3.423,4.000,-4.000,4.990
3.3100,6,-4.000,4.000,4.910,4.000,4.000,5.119,-4.000,-4.000,3.426,4.000,-4.000,4.995
3.3200,6,-4.000,4.000,4.914,4.000,4.000,5.121,-4.000,-4.000,3.429,4.000,-4.000,4.999
3.3300,6,-4.000,4.000,4.919,4.000,4.000,5.124,-4.000,-4.000,3.432,4.000,-4.000,5.004
3.3400,6,-4.000,4.000,4.923,4.000,4.000,5.127,-4.000,-4.000,3.434,4.000,-4.000,5.007
3.3500,6,-4.000,4.000,4.927,4.000,4.000,5.129,-4.000,-4.000,3.437,4.000,-4.000,5.009
3.3600,6,-4.000,4.000,4.931,4.000,4.000,5.132,-4.000,-4.000,3.440,4.000,-4.000,5.011
3.3700,6,-4.000,4.000,4.935,4.000,4.000,5.134,-4.000,-4.000,3.442,4.000,-4.000,5.011
3.3800,6,-4.000,4.000,4.940,4.000,4.000,5.137,-4.000,-4.000,3.445,4.000,-4.000,5.011
3.3900,6,-4.000,4.000,4.944,4.000,4.000,5.140,-4.000,-4.000,3.448,4.000,-4.000,5.009
3.4000,6,-4.000,4.000,4.948,4.000,4.000,5.142,-4.000,-4.000,3.450,4.000,-4.000,5.007
3.4100,6,-4.000,4.000,4.952,4.000,4.000,5.144,-4.000,-4.000,3.453,4.000,-4.000,5.004
3.4200,6,-4.000,4.000,4.956,4.000,4.000,5.147,-4.000,-4.000,3.456,4.000,-4.000,5.000
3.4300,6,-4.000,4.000,4.960,4.000,4.000,5.149,-4.000,-4.000,3.458,4.000,-4.000,4.996
3.4400,6,-4.000,4.000,4.964,4.000,4.000,5.152,-4.000,-4.000,3.461,4.000,-4.000,4.993
3.4500,6,-4.000,4.000,4.967,4.000,4.000,5.154,-4.000,-4.000,3.463,4.000,-4.000,4.990
3.4600,6,-4.000,4.000,4.971,4.000,4.000,5.156,-4.000,-4.000,3.466,4.000,-4.000,4.987
3.4700,6,-4.000,4.000,4.975,4.000,4.000,5.158,-4.000,-4.000,3.468,4.000,-4.000,4.985
3.4800,6,-4.000,4.000,4.979,4.000,4.000,5.161,-4.000,-4.000,3.471,4.000,-4.000,4.983
3.4900,6,-4.000,4.000,4.983,4.000,4.000,5.163,-4.000,-4.000,3.473,4.000,-4.000,4.981
3.5000,6,-4.000,4.000,4.986,4.000,4.000,5.165,-4.000,-4.000,3.475,4.000,-4.000,4.979
3.5100,6,-4.000,4.000,4.990,4.000,4.000,5.167,-4.000,-4.000,3.478,4.000,-4.000,4.978
3.5200,6,-4.000,4.000,4.994,4.000,4.000,5.169,-4.000,-4.000,3.480,4.000,-4.000,4.977
3.5300,6,-4.000,4.000,4.997,4.000,4.000,5.171,-4.000,-4.000,3.482,4.000,-4.000,4.976
3.5400,6,-4.000,4.000,5.001,4.000,4.000,5.173,-4.000,-4.000,3.485,4.000,-4.000,4.976
3.5500,6,-4.000,4.000,5.004,4.000,4.000,5.176,-4.000,-4.000,3.487,4.000,-4.000,4.975
3.5600,6,-4.000,4.000,5.008,4.000,4.000,5.178,-4.000,-4.000,3.489,4.000,-4.000,4.976
3.5700,6,-4.000,4.000,5.011,4.000,4.000,5.180,-4.000,-4.000,3.492,4.000,-4.000,4.976
3.5800,6,-4.000,4.000,5.015,4.000,4.000,5.182,-4.000,-4.000,3.494,4.000,-4.000,4.976
3.5900,6,-4.000,4.000,5.018,4.000,4.000,5.183,-4.000,-4.000,3.496,4.000,-4.000,4.977
3.6000,6,-4.000,4.000,5.021,4.000,4.000,5.185,-4.000,-4.000,3.498,4.000,-4.000,4.978
3.6100,6,-4.000,4.000,5.025,4.000,4.000,5.187,-4.000,-4.000,3.501,4.000,-4.000,4.979
3.6200,6,-4.000,4.000,5.028,4.000,4.000,5.189,-4.000,-4.000,3.503,4.000,-4.000,4.980
3.6300,6,-4.000,4.000,5.031,4.000,4.000,5.191,-4.000,-4.000,3.505,4.000,-4.000,4.982
3.6400,6,-4.000,4.000,5.035,4.000,4.000,5.193,-4.000,-4.000,3.507,4.000,-4.000,4.984
3.6500,6,-4.000,4.000,5.038,4.000,4.000,5.195,-4.000,-4.000,3.509,4.000,-4.000,4.986
3.6600,6,-4.000,4.000,5.041,4.000,4.000,5.196,-4.000,-4.000,3.511,4.000,-4.000,4.988
3.6700,6,-4.000,4.000,5.044,4.000,4.000,5.198,-4.000,-4.000,3.513,4.000,-4.000,4.990
3.6800,6,-4.000,4.000,5.047,4.000,4.000,5.200,-4.000,-4.000,3.516,4.000,-4.000,4.992
3.6900,6,-4.000,4.000,5.051,4.000,4.000,5.202,-4.000,-4.000,3.518,4.000,-4.000,4.995
3.7000,6,-4.000,4.000,5.054,4.000,4.000,5.203,-4.000,-4.000,3.520,4.000,-4.000,4.998
3.7100,6,-4.000,4.000,5.057,4.000,4.000,5.205,-4.000,-4.000,3.522,4.000,-4.000,5.000
3.7200,6,-4.000,4.000,5.060,4.000,4.000,5.206,-4.000,-4.000,3.524,4.000,-4.000,5.002
3.7300,6,-4.000,4.000,5.063,4.000,4.000,5.208,-4.000,-4.000,3.526,4.000,-4.000,5.003
3.7400,6,-4.000,4.000,5.066,4.000,4.000,5.210,-4.000,-4.000,3.528,4.000,-4.000,5.003
3.7500,6,-4.000,4.000,5.069,4.000,4.000,5.211,-4.000,-4.000,3.530,4.000,-4.000,5.001
3.7600,6,-4.000,4.000,5.072,4.000,4.000,5.213,-4.000,-4.000,3.532,4.000,-4.000,4.999
3.7700,6,-4.000,4.000,5.075,4.000,4.000,5.214,-4.000,-4.000,3.534,4.000,-4.000,4.998
3.7800,6,-4.000,4.000,5.077,4.000,4.000,5.216,-4.000,-4.000,3.535,4.000,-4.000,4.996
3.7900,6,-4.000,4.000,5.080,4.000,4.000,5.217,-4.000,-4.000,3.537,4.000,-4.000,4.995
3.8000,6,-4.000,4.000,5.083,4.000,4.000,5.219,-4.000,-4.000,3.539,4.000,-4.000,4.994
3.8100,6,-4.000,4.000,5.086,4.000,4.000,5.220,-4.000,-4.000,3.541,4.000,-4.000,4.994
3.8200,6,-4.000,4.000,5.089,4.000,4.000,5.222,-4.000,-4.000,3.543,4.000,-4.000,4.993
3.8300,6,-4.000,4.000,5.091,4.000,4.000,5.223,-4.000,-4.000,3.545,4.000,-4.000,4.993
3.8400,6,-4.000,4.000,5.094,4.000,4.000,5.225,-4.000,-4.000,3.547,4.000,-4.000,4.993
3.8500,6,-4.000,4.000,5.097,4.000,4.000,5.226,-4.000,-4.000,3.548,4.000,-4.000,4.993
3.8600,6,-4.000,4.000,5.099,4.000,4.000,5.227,-4.000,-4.000,3.550,4.000,-4.000,4.994
3.8700,6,-4.000,4.000,5.102,4.000,4.000,5.229,-4.000,-4.000,3.552,4.000,-4.000,4.995
3.8800,6,-4.000,4.000,5.105,4.000,4.000,5.230,-4.000,-4.000,3.554,4.000,-4.000,4.996
3.8900,6,-4.000,4.000,5.107,4.000,4.000,5.231,-4.000,-4.000,3.556,4.000,-4.000,4.997
3.9000,6,-4.000,4.000,5.110,4.000,4.000,5.233,-4.000,-4.000,3.557,4.000,-4.000,4.998
3.9100,6,-4.000,4.000,5.113,4.000,4.000,5.234,-4.000,-4.000,3.559,4.000,-4.000,5.000
3.9200,6,-4.000,4.000,5.115,4.000,4.000,5.235,-4.000,-4.000,3.561,4.000,-4.000,5.002
3.9300,6,-4.000,4.000,5.118,4.000,4.000,5.236,-4.000,-4.000,3.562,4.000,-4.000,5.002
3.9400,6,-4.000,4.000,5.120,4.000,4.000,5.238,-4.000,-4.000,3.564,4.000,-4.000,5.002
3.9500,6,-4.000,4.000,5.123,4.000,4.000,5.239,-4.000,-4.000,3.566,4.000,-4.000,5.001
3.9600,6,-4.000,4.000,5.125,4.000,4.000,5.240,-4.000,-4.000,3.567,4.000,-4.000,4.999
3.9700,6,-4.000,4.000,5.127,4.000,4.000,5.241,-4.000,-4.000,3.569,4.000,-4.000,4.998
3.9800,6,-4.000,4.000,5.130,4.000,4.000,5.243,-4.000,-4.000,3.571,4.000,-4.000,4.996
3.9900,6,-4.000,4.000,5.132,4.000,4.000,5.244,-4.000,-4.000,3.572,4.000,-4.000,4.995
4.0000,6,-4.000,4.000,5.135,4.000,4.000,5.245,-4.000,-4.000,3.574,4.000,-4.000,4.994
4.0100,6,-4.000,4.000,5.137,4.000,4.000,5.246,-4.000,-4.000,3.575,4.000,-4.000,4.993
4.0200,6,-4.000,4.000,5.139,4.000,4.000,5.247,-4.000,-4.000,3.577,4.000,-4.000,4.993
4.0300,6,-4.000,4.000,5.142,4.000,4.000,5.248,-4.000,-4.000,3.579,4.000,-4.000,4.993
4.0400,6,-4.000,4.000,5.144,4.000,4.000,5.249,-4.000,-4.000,3.580,4.000,-4.000,4.993
4.0500,6,-4.000,4.000,5.146,4.000,4.000,5.250,-4.000,-4.000,3.582,4.000,-4.000,4.993
4.0600,6,-4.000,4.000,5.148,4.000,4.000,5.251,-4.000,-4.000,3.583,4.000,-4.000,4.994
4.0700,6,-4.000,4.000,5.151,4.000,4.000,5.252,-4.000,-4.000,3.585,4.000,-4.000,4.995
4.0800,6,-4.000,4.000,5.153,4.000,4.000,5.253,-4.000,-4.000,3.586,4.000,-4.000,4.996
4.0900,6,-4.000,4.000,5.155,4.000,4.000,5.255,-4.000,-4.000,3.588,4.000,-4.000,4.997
4.1000,6,-4.000,4.000,5.157,4.000,4.000,5.256,-4.000,-4.000,3.589,4.000,-4.000,4.999
4.1100,6,-4.000,4.000,5.159,4.000,4.000,5.257,-4.000,-4.000,3.591,4.000,-4.000,5.000
4.1200,6,-4.000,4.000,5.161,4.000,4.000,5.258,-4.000,-4.000,3.592,4.000,-4.000,5.001
4.1300,6,-4.000,4.000,5.163,4.000,4.000,5.258,-4.000,-4.000,3.594,4.000,-4.000,5.000
4.1400,6,-4.000,4.000,5.166,4.000,4.000,5.259,-4.000,-4.000,3.595,4.000,-4.000,4.999
4.1500,6,-4.000,4.000,5.168,4.000,4.000,5.260,-4.000,-4.000,3.596,4.000,-4.000,4.998
4.1600,6,-4.000,4.000,5.170,4.000,4.000,5.261,-4.000,-4.000,3.598,4.000,-4.000,4.998
4.1700,6,-4.000,4.000,5.172,4.000,4.000,5.262,-4.000,-4.000,3.599,4.000,-4.000,4.997
4.1800,6,-4.000,4.000,5.174,4.000,4.000,5.263,-4.000,-4.000,3.601,4.000,-4.000,4.997
4.1900,6,-4.000,4.000,5.176,4.000,4.000,5.264,-4.000,-4.000,3.602,4.000,-4.000,4.997
4.2000,6,-4.000,4.000,5.178,4.000,4.000,5.265,-4.000,-4.000,3.603,4.000,-4.000,4.997
4.2100,6,-4.000,4.000,5.180,4.000,4.000,5.266,-4.000,-4.000,3.605,4.000,-4.000,4.998
4.2200,6,-4.000,4.000,5.182,4.000,4.000,5.267,-4.000,-4.000,3.606,4.000,-4.000,4.998
4.2300,6,-4.000,4.000,5.183,4.000,4.000,5.268,-4.000,-4.000,3.607,4.000,-4.000,4.999
4.2400,6,-4.000,4.000,5.185,4.000,4.000,5.268,-4.000,-4.000,3.609,4.000,-4.000,5.001
4.2500,6,-4.000,4.000,5.187,4.000,4.000,5.269,-4.000,-4.000,3.610,4.000,-4.000,5.001
4.2600,6,-4.000,4.000,5.189,4.000,4.000,5.270,-4.000,-4.000,3.611,4.000,-4.000,5.000
4.2700,6,-4.000,4.000,5.191,4.000,4.000,5.271,-4.000,-4.000,3.612,4.000,-4.000,4.998
4.2800,6,-4.000,4.000,5.193,4.000,4.000,5.272,-4.000,-4.000,3.614,4.000,-4.000,4.997
4.2900,6,-4.000,4.000,5.195,4.000,4.000,5.272,-4.000,-4.000,3.615,4.000,-4.000,4.996
4.3000,6,-4.000,4.000,5.196,4.000,4.000,5.273,-4.000,-4.000,3.616,4.000,-4.000,4.995
4.3100,6,-4.000,4.000,5.198,4.000,4.000,5.274,-4.000,-4.000,3.618,4.000,-4.000,4.994
4.3200,6,-4.000,4.000,5.200,4.000,4.000,5.275,-4.000,-4.000,3.619,4.000,-4.000,4.994
4.3300,6,-4.000,4.000,5.202,4.000,4.000,5.276,-4.000,-4.000,3.620,4.000,-4.000,4.994
4.3400,6,-4.000,4.000,5.204,4.000,4.000,5.276,-4.000,-4.000,3.621,4.000,-4.000,4.994
4.3500,6,-4.000,4.000,5.205,4.000,4.000,5.277,-4.000,-4.000,3.622,4.000,-4.000,4.995
4.3600,6,-4.000,4.000,5.207,4.000,4.000,5.278,-4.000,-4.000,3.624,4.000,-4.000,4.995
4.3700,6,-4.000,4.000,5.209,4.000,4.000,5.278,-4.000,-4.000,3.625,4.000,-4.000,4.996
4.3800,6,-4.000,4.000,5.210,4.000,4.000,5.279,-4.000,-4.000,3.626,4.000,-4.000,4.997
4.3900,6,-4.000,4.000,5.212,4.000,4.000,5.280,-4.000,-4.000,3.627,4.000,-4.000,4.998
4.4000,6,-4.000,4.000,5.214,4.000,4.000,5.281,-4.000,-4.000,3.628,4.000,-4.000,5.000
4.4100,6,-4.000,4.000,5.215,4.000,4.000,5.281,-4.000,-4.000,3.629,4.000,-4.000,5.001
4.4200,6,-4.000,4.000,5.217,4.000,4.000,5.282,-4.000,-4.000,3.631,4.000,-4.000,5.002
4.4300,6,-4.000,4.000,5.218,4.000,4.000,5.283,-4.000,-4.000,3.632,4.000,-4.000,5.002
4.4400,6,-4.000,4.000,5.220,4.000,4.000,5.283,-4.000,-4.000,3.633,4.000,-4.000,5.001
4.4500,6,-4.000,4.000,5.222,4.000,4.000,5.284,-4.000,-4.000,3.634,4.000,-4.000,4.998
4.4600,6,-4.000,4.000,5.223,4.000,4.000,5.284,-4.000,-4.000,3.635,4.000,-4.000,4.997
4.4700,6,-4.000,4.000,5.225,4.000,4.000,5.285,-4.000,-4.000,3.636,4.000,-4.000,4.995
4.4800,6,-4.000,4.000,5.226,4.000,4.000,5.286,-4.000,-4.000,3.637,4.000,-4.000,4.994
4.4900,6,-4.000,4.000,5.228,4.000,4.000,5.286,-4.000,-4.000,3.638,4.000,-4.000,4.993
4.5000,6,-4.000,4.000,5.229,4.000,4.000,5.287,-4.000,-4.000,3.639,4.000,-4.000,4.992
4.5100,6,-4.000,4.000,5.231,4.000,4.000,5.288,-4.000,-4.000,3.640,4.000,-4.000,4.992
4.5200,6,-4.000,4.000,5.232,4.000,4.000,5.288,-4.000,-4.000,3.641,4.000,-4.000,4.992
4.5300,6,-4.000,4.000,5.234,4.000,4.000,5.289,-4.000,-4.000,3.642,4.000,-4.000,4.992
4.5400,6,-4.000,4.000,5.235,4.000,4.000,5.289,-4.000,-4.000,3.643,4.000,-4.000,4.992
4.5500,6,-4.000,4.000,5.237,4.000,4.000,5.290,-4.000,-4.000,3.644,4.000,-4.000,4.992
4.5600,6,-4.000,4.000,5.238,4.000,4.000,5.290,-4.000,-4.000,3.645,4.000,-4.000,4.993
4.5700,6,-4.000,4.000,5.240,4.000,4.000,5.291,-4.000,-4.000,3.646,4.000,-4.000,4.994
4.5800,6,-4.000,4.000,5.241,4.000,4.000,5.292,-4.000,-4.000,3.647,4.000,-4.000,4.995
4.5900,6,-4.000,4.000,5.242,4.000,4.000,5.292,-4.000,-4.000,3.648,4.000,-4.000,4.996
4.6000,6,-4.000,4.000,5.244,4.000,4.000,5.293,-4.000,-4.000,3.649,4.000,-4.000,4.998
4.6100,6,-4.000,4.000,5.245,4.000,4.000,5.293,-4.000,-4.000,3.650,4.000,-4.000,5.000
4.6200,6,-4.000,4.000,5.246,4.000,4.000,5.294,-4.000,-4.000,3.651,4.000,-4.000,5.002
4.6300,6,-4.000,4.000,5.248,4.000,4.000,5.294,-4.000,-4.000,3.652,4.000,-4.000,5.003
4.6400,6,-4.000,4.000,5.249,4.000,4.000,5.295,-4.000,-4.000,3.653,4.000,-4.000,5.002
4.6500,6,-4.000,4.000,5.250,4.000,4.000,5.295,-4.000,-4.000,3.654,4.000,-4.000,5.002
4.6600,6,-4.000,4.000,5.252,4.000,4.000,5.296,-4.000,-4.000,3.655,4.000,-4.000,5.000
4.6700,6,-4.000,4.000,5.253,4.000,4.000,5.296,-4.000,-4.000,3.656,4.000,-4.000,4.998
4.6800,6,-4.000,4.000,5.254,4.000,4.000,5.297,-4.000,-4.000,3.657,4.000,-4.000,4.997
4.6900,6,-4.000,4.000,5.256,4.000,4.000,5.297,-4.000,-4.000,3.658,4.000,-4.000,4.996
4.7000,6,-4.000,4.000,5.257,4.000,4.000,5.298,-4.000,-4.000,3.659,4.000,-4.000,4.995
4.7100,6,-4.000,4.000,5.258,4.000,4.000,5.298,-4.000,-4.000,3.660,4.000,-4.000,4.994
4.7200,6,-4.000,4.000,5.259,4.000,4.000,5.298,-4.000,-4.000,3.661,4.000,-4.000,4.994
4.7300,6,-4.000,4.000,5.261,4.000,4.000,5.299,-4.000,-4.000,3.661,4.000,-4.000,4.994
4.7400,6,-4.000,4.000,5.262,4.000,4.000,5.299,-4.000,-4.000,3.662,4.000,-4.000,4.994
4.7500,6,-4.000,4.000,5.263,4.000,4.000,5.300,-4.000,-4.000,3.663,4.000,-4.000,4.995
4.7600,6,-4.000,4.000,5.264,4.000,4.000,5.300,-4.000,-4.000,3.664,4.000,-4.000,4.995
4.7700,6,-4.000,4.000,5.265,4.000,4.000,5.301,-4.000,-4.000,3.665,4.000,-4.000,4.996
4.7800,6,-4.000,4.000,5.267,4.000,4.000,5.301,-4.000,-4.000,3.666,4.000,-4.000,4.997
4.7900,6,-4.000,4.000,5.268,4.000,4.000,5.302,-4.000,-4.000,3.667,4.000,-4.000,4.999
4.8000,6,-4.000,4.000,5.269,4.000,4.000,5.302,-4.000,-4.000,3.667,4.000,-4.000,5.000
4.8100,6,-4.000,4.000,5.270,4.000,4.000,5.302,-4.000,-4.000,3.668,4.000,-4.000,5.001
4.8200,6,-4.000,4.000,5.271,4.000,4.000,5.303,-4.000,-4.000,3.669,4.000,-4.000,5.000
4.8300,6,-4.000,4.000,5.272,4.000,4.000,5.303,-4.000,-4.000,3.670,4.000,-4.000,4.999
4.8400,6,-4.000,4.000,5.273,4.000,4.000,5.304,-4.000,-4.000,3.671,4.000,-4.000,4.998
4.8500,6,-4.000,4.000,5.274,4.000,4.000,5.304,-4.000,-4.000,3.671,4.000,-4.000,4.997
4.8600,6,-4.000,4.000,5.276,4.000,4.000,5.304,-4.000,-4.000,3.672,4.000,-4.000,4.997
4.8700,6,-4.000,4.000,5.277,4.000,4.000,5.305,-4.000,-4.000,3.673,4.000,-4.000,4.996
4.8800,6,-4.000,4.000,5.278,4.000,4.000,5.305,-4.000,-4.000,3.674,4.000,-4.000,4.996
4.8900,6,-4.000,4.000,5.279,4.000,4.000,5.305,-4.000,-4.000,3.675,4.000,-4.000,4.996
4.9000,6,-4.000,4.000,5.280,4.000,4.000,5.306,-4.000,-4.000,3.675,4.000,-4.000,4.997
4.9100,6,-4.000,4.000,5.281,4.000,4.000,5.306,-4.000,-4.000,3.676,4.000,-4.000,4.997
4.9200,6,-4.000,4.000,5.282,4.000,4.000,5.307,-4.000,-4.000,3.677,4.000,-4.000,4.998
4.9300,6,-4.000,4.000,5.283,4.000,4.000,5.307,-4.000,-4.000,3.678,4.000,-4.000,4.999
4.9400,6,-4.000,4.000,5.284,4.000,4.000,5.307,-4.000,-4.000,3.678,4.000,-4.000,5.001
4.9500,6,-4.000,4.000,5.285,4.000,4.000,5.308,-4.000,-4.000,3.679,4.000,-4.000,5.001
4.9600,6,-4.000,4.000,5.286,4.000,4.000,5.308,-4.000,-4.000,3.680,4.000,-4.000,5.000
4.9700,6,-4.000,4.000,5.287,4.000,4.000,5.308,-4.000,-4.000,3.681,4.000,-4.000,4.999
4.9800,6,-4.000,4.000,5.288,4.000,4.000,5.309,-4.000,-4.000,3.681,4.000,-4.000,4.998
4.9900,6,-4.000,4.000,5.289,4.000,4.000,5.309,-4.000,-4.000,3.682,4.000,-4.000,4.997
5.0000,6,-4.000,4.000,5.290,4.000,4.000,5.309,-4.000,-4.000,3.683,4.000,-4.000,4.996
5.0100,6,-4.000,4.000,5.291,4.000,4.000,5.310,-4.000,-4.000,3.683,4.000,-4.000,4.995
5.0200,6,-4.000,4.000,5.292,4.000,4.000,5.310,-4.000,-4.000,3.684,4.000,-4.000,4.995
5.0300,6,-4.000,4.000,5.293,4.000,4.000,5.310,-4.000,-4.000,3.685,4.000,-4.000,4.995
5.0400,6,-4.000,4.000,5.294,4.000,4.000,5.310,-4.000,-4.000,3.685,4.000,-4.000,4.995
5.0500,6,-4.000,4.000,5.295,4.000,4.000,5.311,-4.000,-4.000,3.686,4.000,-4.000,4.996
5.0600,6,-4.000,4.000,5.296,4.000,4.000,5.311,-4.000,-4.000,3.687,4.000,-4.000,4.997
5.0700,6,-4.000,4.000,5.296,4.000,4.000,5.311,-4.000,-4.000,3.687,4.000,-4.000,4.997
5.0800,6,-4.000,4.000,5.297,4.000,4.000,5.312,-4.000,-4.000,3.688,4.000,-4.000,4.999
5.0900,6,-4.000,4.000,5.298,4.000,4.000,5.312,-4.000,-4.000,3.689,4.000,-4.000,5.000
5.1000,6,-4.000,4.000,5.299,4.000,4.000,5.312,-4.000,-4.000,3.689,4.000,-4.000,5.001
5.1100,6,-4.000,4.000,5.300,4.000,4.000,5.313,-4.000,-4.000,3.690,4.000,-4.000,5.002
5.1200,6,-4.000,4.000,5.301,4.000,4.000,5.313,-4.000,-4.000,3.691,4.000,-4.000,5.002
5.1300,6,-4.000,4.000,5.302,4.000,4.000,5.313,-4.000,-4.000,3.691,4.000,-4.000,5.000
5.1400,6,-4.000,4.000,5.303,4.000,4.000,5.313,-4.000,-4.000,3.692,4.000,-4.000,4.998
5.1500,6,-4.000,4.000,5.303,4.000,4.000,5.314,-4.000,-4.000,3.693,4.000,-4.000,4.996
5.1600,6,-4.000,4.000,5.304,4.000,4.000,5.314,-4.000,-4.000,3.693,4.000,-4.000,4.995
5.1700,6,-4.000,4.000,5.305,4.000,4.000,5.314,-4.000,-4.000,3.694,4.000,-4.000,4.993
5.1800,6,-4.000,4.000,5.306,4.000,4.000,5.314,-4.000,-4.000,3.694,4.000,-4.000,4.992
5.1900,6,-4.000,4.000,5.307,4.000,4.000,5.315,-4.000,-4.000,3.695,4.000,-4.000,4.991
5.2000,6,-4.000,4.000,5.307,4.000,4.000,5.315,-4.000,-4.000,3.696,4.000,-4.000,4.991
5.2100,6,-4.000,4.000,5.308,4.000,4.000,5.315,-4.000,-4.000,3.696,4.000,-4.000,4.990
5.2200,6,-4.000,4.000,5.309,4.000,4.000,5.315,-4.000,-4.000,3.697,4.000,-4.000,4.990
5.2300,6,-4.000,4.000,5.310,4.000,4.000,5.316,-4.000,-4.000,3.697,4.000,-4.000,4.991
5.2400,6,-4.000,4.000,5.311,4.000,4.000,5.316,-4.000,-4.000,3.698,4.000,-4.000,4.991
5.2500,6,-4.000,4.000,5.311,4.000,4.000,5.316,-4.000,-4.000,3.699,4.000,-4.000,4.992
5.2600,6,-4.000,4.000,5.312,4.000,4.000,5.316,-4.000,-4.000,3.699,4.000,-4.000,4.993
5.2700,6,-4.000,4.000,5.313,4.000,4.000,5.317,-4.000,-4.000,3.700,4.000,-4.000,4.994
5.2800,6,-4.000,4.000,5.314,4.000,4.000,5.317,-4.000,-4.000,3.700,4.000,-4.000,4.995
5.2900,6,-4.000,4.000,5.314,4.000,4.000,5.317,-4.000,-4.000,3.701,4.000,-4.000,4.996
5.3000,6,-4.000,4.000,5.315,4.000,4.000,5.317,-4.000,-4.000,3.701,4.000,-4.000,4.998
5.3100,6,-4.000,4.000,5.316,4.000,4.000,5.317,-4.000,-4.000,3.702,4.000,-4.000,5.000
5.3200,6,-4.000,4.000,5.317,4.000,4.000,5.318,-4.000,-4.000,3.702,4.000,-4.000,5.002
5.3300,6,-4.000,4.000,5.317,4.000,4.000,5.318,-4.000,-4.000,3.703,4.000,-4.000,5.003
5.3400,6,-4.000,4.000,5.318,4.000,4.000,5.318,-4.000,-4.000,3.704,4.000,-4.000,5.003
5.3500,6,-4.000,4.000,5.319,4.000,4.000,5.318,-4.000,-4.000,3.704,4.000,-4.000,5.002
5.3600,6,-4.000,4.000,5.319,4.000,4.000,5.318,-4.000,-4.000,3.705,4.000,-4.000,5.000
5.3700,6,-4.000,4.000,5.320,4.000,4.000,5.319,-4.000,-4.000,3.705,4.000,-4.000,4.998
5.3800,6,-4.000,4.000,5.321,4.000,4.000,5.319,-4.000,-4.000,3.706,4.000,-4.000,4.995
5.3900,6,-4.000,4.000,5.322,4.000,4.000,5.319,-4.000,-4.000,3.706,4.000,-4.000,4.993
5.4000,6,-4.000,4.000,5.322,4.000,4.000,5.319,-4.000,-4.000,3.707,4.000,-4.000,4.991
5.4100,6,-4.000,4.000,5.323,4.000,4.000,5.319,-4.000,-4.000,3.707,4.000,-4.000,4.990
5.4200,6,-4.000,4.000,5.324,4.000,4.000,5.320,-4.000,-4.000,3.708,4.000,-4.000,4.989
5.4300,6,-4.000,4.000,5.324,4.000,4.000,5.320,-4.000,-4.000,3.708,4.000,-4.000,4.988
5.4400,6,-4.000,4.000,5.325,4.000,4.000,5.320,-4.000,-4.000,3.709,4.000,-4.000,4.987
5.4500,6,-4.000,4.000,5.325,4.000,4.000,5.320,-4.000,-4.000,3.709,4.000,-4.000,4.987
5.4600,6,-4.000,4.000,5.326,4.000,4.000,5.320,-4.000,-4.000,3.710,4.000,-4.000,4.987
5.4700,6,-4.000,4.000,5.327,4.000,4.000,5.321,-4.000,-4.000,3.710,4.000,-4.000,4.987
5.4800,6,-4.000,4.000,5.327,4.000,4.000,5.321,-4.000,-4.000,3.711,4.000,-4.000,4.987
5.4900,6,-4.000,4.000,5.328,4.000,4.000,5.321,-4.000,-4.000,3.711,4.000,-4.000,4.987
5.5000,6,-4.000,4.000,5.329,4.000,4.000,5.321,-4.000,-4.000,3.712,4.000,-4.000,4.988
5.5100,6,-4.000,4.000,5.329,4.000,4.000,5.321,-4.000,-4.000,3.712,4.000,-4.000,4.989
5.5200,6,-4.000,4.000,5.330,4.000,4.000,5.321,-4.000,-4.000,3.712,4.000,-4.000,4.990
5.5300,6,-4.000,4.000,5.330,4.000,4.000,5.322,-4.000,-4.000,3.713,4.000,-4.000,4.992
5.5400,6,-4.000,4.000,5.331,4.000,4.000,5.322,-4.000,-4.000,3.713,4.000,-4.000,4.993
5.5500,6,-4.000,4.000,5.332,4.000,4.000,5.322,-4.000,-4.000,3.714,4.000,-4.000,4.995
5.5600,6,-4.000,4.000,5.332,4.000,4.000,5.322,-4.000,-4.000,3.714,4.000,-4.000,4.997
5.5700,6,-4.000,4.000,5.333,4.000,4.000,5.322,-4.000,-4.000,3.715,4.000,-4.000,4.999
5.5800,6,-4.000,4.000,5.333,4.000,4.000,5.322,-4.000,-4.000,3.715,4.000,-4.000,5.001
5.5900,6,-4.000,4.000,5.334,4.000,4.000,5.322,-4.000,-4.000,3.716,4.000,-4.000,5.003
5.6000,6,-4.000,4.000,5.334,4.000,4.000,5.323,-4.000,-4.000,3.716,4.000,-4.000,5.003
5.6100,6,-4.000,4.000,5.335,4.000,4.000,5.323,-4.000,-4.000,3.716,4.000,-4.000,5.002
5.6200,6,-4.000,4.000,5.336,4.000,4.000,5.323,-4.000,-4.000,3.717,4.000,-4.000,5.001
5.6300,6,-4.000,4.000,5.336,4.000,4.000,5.323,-4.000,-4.000,3.717,4.000,-4.000,4.998
5.6400,6,-4.000,4.000,5.337,4.000,4.000,5.323,-4.000,-4.000,3.718,4.000,-4.000,4.996
5.6500,6,-4.000,4.000,5.337,4.000,4.000,5.323,-4.000,-4.000,3.718,4.000,-4.000,4.994
5.6600,6,-4.000,4.000,5.338,4.000,4.000,5.323,-4.000,-4.000,3.719,4.000,-4.000,4.993
5.6700,6,-4.000,4.000,5.338,4.000,4.000,5.324,-4.000,-4.000,3.719,4.000,-4.000,4.991
5.6800,6,-4.000,4.000,5.339,4.000,4.000,5.324,-4.000,-4.000,3.719,4.000,-4.000,4.990
5.6900,6,-4.000,4.000,5.339,4.000,4.000,5.324,-4.000,-4.000,3.720,4.000,-4.000,4.990
5.7000,6,-4.000,4.000,5.340,4.000,4.000,5.324,-4.000,-4.000,3.720,4.000,-4.000,4.989
5.7100,6,-4.000,4.000,5.340,4.000,4.000,5.324,-4.000,-4.000,3.721,4.000,-4.000,4.989
5.7200,6,-4.000,4.000,5.341,4.000,4.000,5.324,-4.000,-4.000,3.721,4.000,-4.000,4.989
5.7300,6,-4.000,4.000,5.341,4.000,4.000,5.324,-4.000,-4.000,3.721,4.000,-4.000,4.989
5.7400,6,-4.000,4.000,5.342,4.000,4.000,5.325,-4.000,-4.000,3.722,4.000,-4.000,4.990
5.7500,6,-4.000,4.000,5.342,4.000,4.000,5.325,-4.000,-4.000,3.722,4.000,-4.000,4.990
5.7600,6,-4.000,4.000,5.343,4.000,4.000,5.325,-4.000,-4.000,3.722,4.000,-4.000,4.991
5.7700,6,-4.000,4.000,5.343,4.000,4.000,5.325,-4.000,-4.000,3.723,4.000,-4.000,4.992
5.7800,6,-4.000,4.000,5.344,4.000,4.000,5.325,-4.000,-4.000,3.723,4.000,-4.000,4.994
5.7900,6,-4.000,4.000,5.344,4.000,4.000,5.325,-4.000,-4.000,3.724,4.000,-4.000,4.995
5.8000,6,-4.000,4.000,5.345,4.000,4.000,5.325,-4.000,-4.000,3.724,4.000,-4.000,4.997
5.8100,6,-4.000,4.000,5.345,4.000,4.000,5.325,-4.000,-4.000,3.724,4.000,-4.000,4.999
5.8200,6,-4.000,4.000,5.346,4.000,4.000,5.326,-4.000,-4.000,3.725,4.000,-4.000,5.001
5.8300,6,-4.000,4.000,5.346,4.000,4.000,5.326,-4.000,-4.000,3.725,4.000,-4.000,5.002
5.8400,6,-4.000,4.000,5.347,4.000,4.000,5.326,-4.000,-4.000,3.725,4.000,-4.000,5.002
5.8500,6,-4.000,4.000,5.347,4.000,4.000,5.326,-4.000,-4.000,3.726,4.000,-4.000,5.001
5.8600,6,-4.000,4.000,5.347,4.000,4.000,5.326,-4.000,-4.000,3.726,4.000,-4.000,4.999
5.8700,6,-4.000,4.000,5.348,4.000,4.000,5.326,-4.000,-4.000,3.726,4.000,-4.000,4.998
5.8800,6,-4.000,4.000,5.348,4.000,4.000,5.326,-4.000,-4.000,3.727,4.000,-4.000,4.997
5.8900,6,-4.000,4.000,5.349,4.000,4.000,5.326,-4.000,-4.000,3.727,4.000,-4.000,4.996
5.9000,6,-4.000,4.000,5.349,4.000,4.000,5.326,-4.000,-4.000,3.727,4.000,-4.000,4.995
5.9100,6,-4.000,4.000,5.350,4.000,4.000,5.326,-4.000,-4.000,3.728,4.000,-4.000,4.995
5.9200,6,-4.000,4.000,5.350,4.000,4.000,5.327,-4.000,-4.000,3.728,4.000,-4.000,4.994
5.9300,6,-4.000,4.000,5.351,4.000,4.000,5.327,-4.000,-4.000,3.728,4.000,-4.000,4.995
5.9400,6,-4.000,4.000,5.351,4.000,4.000,5.327,-4.000,-4.000,3.729,4.000,-4.000,4.995
5.9500,6,-4.000,4.000,5.351,4.000,4.000,5.327,-4.000,-4.000,3.729,4.000,-4.000,4.995
5.9600,6,-4.000,4.000,5.352,4.000,4.000,5.327,-4.000,-4.000,3.729,4.000,-4.000,4.996
5.9700,6,-4.000,4.000,5.352,4.000,4.000,5.327,-4.000,-4.000,3.730,4.000,-4.000,4.997
5.9800,6,-4.000,4.000,5.353,4.000,4.000,5.327,-4.000,-4.000,3.730,4.000,-4.000,4.998
5.9900,6,-4.000,4.000,5.353,4.000,4.000,5.327,-4.000,-4.000,3.730,4.000,-4.000,5.000
6.0000,6,-4.000,4.000,5.353,4.000,4.000,5.327,-4.000,-4.000,3.731,4.000,-4.000,5.001
6.0100,6,-4.000,4.000,5.354,4.000,4.000,5.327,-4.000,-4.000,3.731,4.000,-4.000,5.002
6.0200,6,-4.000,4.000,5.354,4.000,4.000,5.327,-4.000,-4.000,3.731,4.000,-4.000,5.002
6.0300,6,-4.000,4.000,5.354,4.000,4.000,5.328,-4.000,-4.000,3.732,4.000,-4.000,5.000
6.0400,6,-4.000,4.000,5.355,4.000,4.000,5.328,-4.000,-4.000,3.732,4.000,-4.000,4.998
6.0500,6,-4.000,4.000,5.355,4.000,4.000,5.328,-4.000,-4.000,3.732,4.000,-4.000,4.996
6.0600,6,-4.000,4.000,5.356,4.000,4.000,5.328,-4.000,-4.000,3.732,4.000,-4.000,4.995
6.0700,6,-4.000,4.000,5.356,4.000,4.000,5.328,-4.000,-4.000,3.733,4.000,-4.000,4.993
6.0800,6,-4.000,4.000,5.356,4.000,4.000,5.328,-4.000,-4.000,3.733,4.000,-4.000,4.992
6.0900,6,-4.000,4.000,5.357,4.000,4.000,5.328,-4.000,-4.000,3.733,4.000,-4.000,4.992
6.1000,6,-4.000,4.000,5.357,4.000,4.000,5.328,-4.000,-4.000,3.734,4.000,-4.000,4.991
6.1100,6,-4.000,4.000,5.357,4.000,4.000,5.328,-4.000,-4.000,3.734,4.000,-4.000,4.991
6.1200,6,-4.000,4.000,5.358,4.000,4.000,5.328,-4.000,-4.000,3.734,4.000,-4.000,4.991
6.1300,6,-4.000,4.000,5.358,4.000,4.000,5.328,-4.000,-4.000,3.734,4.000,-4.000,4.991
6.1400,6,-4.000,4.000,5.358,4.000,4.000,5.328,-4.000,-4.000,3.735,4.000,-4.000,4.991
6.1500,6,-4.000,4.000,5.359,4.000,4.000,5.329,-4.000,-4.000,3.735,4.000,-4.000,4.992
6.1600,6,-4.000,4.000,5.359,4.000,4.000,5.329,-4.000,-4.000,3.735,4.000,-4.000,4.993
6.1700,6,-4.000,4.000,5.360,4.000,4.000,5.329,-4.000,-4.000,3.736,4.000,-4.000,4.994
6.1800,6,-4.000,4.000,5.360,4.000,4.000,5.329,-4.000,-4.000,3.736,4.000,-4.000,4.995
6.1900,6,-4.000,4.000,5.360,4.000,4.000,5.329,-4.000,-4.000,3.736,4.000,-4.000,4.997
6.2000,6,-4.000,4.000,5.361,4.000,4.000,5.329,-4.000,-4.000,3.736,4.000,-4.000,4.999
6.2100,6,-4.000,4.000,5.361,4.000,4.000,5.329,-4.000,-4.000,3.737,4.000,-4.000,5.001
6.2200,6,-4.000,4.000,5.361,4.000,4.000,5.329,-4.000,-4.000,3.737,4.000,-4.000,5.001
6.2300,6,-4.000,4.000,5.361,4.000,4.000,5.329,-4.000,-4.000,3.737,4.000,-4.000,5.001
6.2400,6,-4.000,4.000,5.362,4.000,4.000,5.329,-4.000,-4.000,3.737,4.000,-4.000,5.000
6.2500,6,-4.000,4.000,5.362,4.000,4.000,5.329,-4.000,-4.000,3.738,4.000,-4.000,4.999
6.2600,6,-4.000,4.000,5.362,4.000,4.000,5.329,-4.000,-4.000,3.738,4.000,-4.000,4.997
6.2700,6,-4.000,4.000,5.363,4.000,4.000,5.329,-4.000,-4.000,3.738,4.000,-4.000,4.996
6.2800,6,-4.000,4.000,5.363,4.000,4.000,5.329,-4.000,-4.000,3.738,4.000,-4.000,4.995
6.2900,6,-4.000,4.000,5.363,4.000,4.000,5.330,-4.000,-4.000,3.739,4.000,-4.000,4.994
6.3000,6,-4.000,4.000,5.364,4.000,4.000,5.330,-4.000,-4.000,3.739,4.000,-4.000,4.993
6.3100,6,-4.000,4.000,5.364,4.000,4.000,5.330,-4.000,-4.000,3.739,4.000,-4.000,4.993
6.3200,6,-4.000,4.000,5.364,4.000,4.000,5.330,-4.000,-4.000,3.739,4.000,-4.000,4.993
6.3300,6,-4.000,4.000,5.365,4.000,4.000,5.330,-4.000,-4.000,3.740,4.000,-4.000,4.993
6.3400,6,-4.000,4.000,5.365,4.000,4.000,5.330,-4.000,-4.000,3.740,4.000,-4.000,4.993
6.3500,6,-4.000,4.000,5.365,4.000,4.000,5.330,-4.000,-4.000,3.740,4.000,-4.000,4.994
6.3600,6,-4.000,4.000,5.365,4.000,4.000,5.330,-4.000,-4.000,3.740,4.000,-4.000,4.995
6.3700,6,-4.000,4.000,5.366,4.000,4.000,5.330,-4.000,-4.000,3.741,4.000,-4.000,4.996
6.3800,6,-4.000,4.000,5.366,4.000,4.000,5.330,-4.000,-4.000,3.741,4.000,-4.000,4.997
6.3900,6,-4.000,4.000,5.366,4.000,4.000,5.330,-4.000,-4.000,3.741,4.000,-4.000,4.999
6.4000,6,-4.000,4.000,5.367,4.000,4.000,5.330,-4.000,-4.000,3.741,4.000,-4.000,5.001
6.4100,6,-4.000,4.000,5.367,4.000,4.000,5.330,-4.000,-4.000,3.741,4.000,-4.000,5.001
6.4200,6,-4.000,4.000,5.367,4.000,4.000,5.330,-4.000,-4.000,3.742,4.000,-4.000,5.001
6.4300,6,-4.000,4.000,5.367,4.000,4.000,5.330,-4.000,-4.000,3.742,4.000,-4.000,5.000
6.4400,6,-4.000,4.000,5.368,4.000,4.000,5.330,-4.000,-4.000,3.742,4.000,-4.000,4.999
6.4500,6,-4.000,4.000,5.368,4.000,4.000,5.330,-4.000,-4.000,3.742,4.000,-4.000,4.998
6.4600,6,-4.000,4.000,5.368,4.000,4.000,5.330,-4.000,-4.000,3.743,4.000,-4.000,4.998
6.4700,6,-4.000,4.000,5.368,4.000,4.000,5.331,-4.000,-4.000,3.743,4.000,-4.000,4.998
6.4800,6,-4.000,4.000,5.369,4.000,4.000,5.331,-4.000,-4.000,3.743,4.000,-4.000,4.998
6.4900,6,-4.000,4.000,5.369,4.000,4.000,5.331,-4.000,-4.000,3.743,4.000,-4.000,4.998
6.5000,6,-4.000,4.000,5.369,4.000,4.000,5.331,-4.000,-4.000,3.743,4.000,-4.000,4.999
6.5100,6,-4.000,4.000,5.369,4.000,4.000,5.331,-4.000,-4.000,3.744,4.000,-4.000,4.999
6.5200,6,-4.000,4.000,5.370,4.000,4.000,5.331,-4.000,-4.000,3.744,4.000,-4.000,5.000
6.5300,6,-4.000,4.000,5.370,4.000,4.000,5.331,-4.000,-4.000,3.744,4.000,-4.000,5.000
6.5400,6,-4.000,4.000,5.370,4.000,4.000,5.331,-4.000,-4.000,3.744,4.000,-4.000,4.999
6.5500,6,-4.000,4.000,5.370,4.000,4.000,5.331,-4.000,-4.000,3.744,4.000,-4.000,4.999
6.5600,6,-4.000,4.000,5.371,4.000,4.000,5.331,-4.000,-4.000,3.745,4.000,-4.000,4.998
6.5700,6,-4.000,4.000,5.371,4.000,4.000,5.331,-4.000,-4.000,3.745,4.000,-4.000,4.998
6.5800,6,-4.000,4.000,5.371,4.000,4.000,5.331,-4.000,-4.000,3.745,4.000,-4.000,4.998
6.5900,6,-4.000,4.000,5.371,4.000,4.000,5.331,-4.000,-4.000,3.745,4.000,-4.000,4.999
6.6000,6,-4.000,4.000,5.372,4.000,4.000,5.331,-4.000,-4.000,3.745,4.000,-4.000,4.999
6.6100,6,-4.000,4.000,5.372,4.000,4.000,5.331,-4.000,-4.000,3.746,4.000,-4.000,5.000
6.6200,6,-4.000,4.000,5.372,4.000,4.000,5.331,-4.000,-4.000,3.746,4.000,-4.000,5.000
6.6300,6,-4.000,4.000,5.372,4.000,4.000,5.331,-4.000,-4.000,3.746,4.000,-4.000,5.000
6.6400,6,-4.000,4.000,5.372,4.000,4.000,5.331,-4.000,-4.000,3.746,4.000,-4.000,5.000
6.6500,6,-4.000,4.000,5.373,4.000,4.000,5.331,-4.000,-4.000,3.746,4.000,-4.000,5.000
6.6600,6,-4.000,4.000,5.373,4.000,4.000,5.331,-4.000,-4.000,3.746,4.000,-4.000,4.999
6.6700,6,-4.000,4.000,5.373,4.000,4.000,5.331,-4.000,-4.000,3.747,4.000,-4.000,4.999
6.6800,6,-4.000,4.000,5.373,4.000,4.000,5.331,-4.000,-4.000,3.747,4.000,-4.000,4.999
6.6900,6,-4.000,4.000,5.374,4.000,4.000,5.331,-4.000,-4.000,3.747,4.000,-4.000,4.999
6.7000,6,-4.000,4.000,5.374,4.000,4.000,5.331,-4.000,-4.000,3.747,4.000,-4.000,5.000
6.7100,6,-4.000,4.000,5.374,4.000,4.000,5.332,-4.000,-4.000,3.747,4.000,-4.000,5.001
6.7200,6,-4.000,4.000,5.374,4.000,4.000,5.332,-4.000,-4.000,3.747,4.000,-4.000,5.001
6.7300,6,-4.000,4.000,5.374,4.000,4.000,5.332,-4.000,-4.000,3.748,4.000,-4.000,4.999
6.7400,6,-4.000,4.000,5.375,4.000,4.000,5.332,-4.000,-4.000,3.748,4.000,-4.000,4.999
6.7500,6,-4.000,4.000,5.375,4.000,4.000,5.332,-4.000,-4.000,3.748,4.000,-4.000,4.998
6.7600,6,-4.000,4.000,5.375,4.000,4.000,5.332,-4.000,-4.000,3.748,4.000,-4.000,4.998
6.7700,6,-4.000,4.000,5.375,4.000,4.000,5.332,-4.000,-4.000,3.748,4.000,-4.000,4.998
6.7800,6,-4.000,4.000,5.375,4.000,4.000,5.332,-4.000,-4.000,3.748,4.000,-4.000,4.998
6.7900,6,-4.000,4.000,5.376,4.000,4.000,5.332,-4.000,-4.000,3.749,4.000,-4.000,4.998
6.8000,6,-4.000,4.000,5.376,4.000,4.000,5.332,-4.000,-4.000,3.749,4.000,-4.000,4.999
6.8100,6,-4.000,4.000,5.376,4.000,4.000,5.332,-4.000,-4.000,3.749,4.000,-4.000,4.999
6.8200,6,-4.000,4.000,5.376,4.000,4.000,5.332,-4.000,-4.000,3.749,4.000,-4.000,5.001
6.8300,6,-4.000,4.000,5.376,4.000,4.000,5.332,-4.000,-4.000,3.749,4.000,-4.000,5.001
6.8400,6,-4.000,4.000,5.377,4.000,4.000,5.332,-4.000,-4.000,3.749,4.000,-4.000,5.000
6.8500,6,-4.000,4.000,5.377,4.000,4.000,5.332,-4.000,-4.000,3.750,4.000,-4.000,4.999
6.8600,6,-4.000,4.000,5.377,4.000,4.000,5.332,-4.000,-4.000,3.750,4.000,-4.000,4.999
6.8700,6,-4.000,4.000,5.377,4.000,4.000,5.332,-4.000,-4.000,3.750,4.000,-4.000,4.999
6.8800,6,-4.000,4.000,5.377,4.000,4.000,5.332,-4.000,-4.000,3.750,4.000,-4.000,4.999
6.8900,6,-4.000,4.000,5.377,4.000,4.000,5.332,-4.000,-4.000,3.750,4.000,-4.000,4.999
6.9000,6,-4.000,4.000,5.378,4.000,4.000,5.332,-4.000,-4.000,3.750,4.000,-4.000,5.000
6.9100,6,-4.000,4.000,5.378,4.000,4.000,5.332,-4.000,-4.000,3.751,4.000,-4.000,5.001
6.9200,6,-4.000,4.000,5.378,4.000,4.000,5.332,-4.000,-4.000,3.751,4.000,-4.000,5.000
6.9300,6,-4.000,4.000,5.378,4.000,4.000,5.332,-4.000,-4.000,3.751,4.000,-4.000,4.999
6.9400,6,-4.000,4.000,5.378,4.000,4.000,5.332,-4.000,-4.000,3.751,4.000,-4.000,4.999
6.9500,6,-4.000,4.000,5.378,4.000,4.000,5.332,-4.000,-4.000,3.751,4.000,-4.000,4.998
6.9600,6,-4.000,4.000,5.379,4.000,4.000,5.332,-4.000,-4.000,3.751,4.000,-4.000,4.998
6.9700,6,-4.000,4.000,5.379,4.000,4.000,5.332,-4.000,-4.000,3.751,4.000,-4.000,4.998
6.9800,6,-4.000,4.000,5.379,4.000,4.000,5.332,-4.000,-4.000,3.752,4.000,-4.000,4.998
6.9900,6,-4.000,4.000,5.379,4.000,4.000,5.332,-4.000,-4.000,3.752,4.000,-4.000,4.998
7.0000,6,-4.000,4.000,5.379,4.000,4.000,5.332,-4.000,-4.000,3.752,4.000,-4.000,4.999
7.0100,6,-4.000,4.000,5.379,4.000,4.000,5.332,-4.000,-4.000,3.752,4.000,-4.000,5.000
7.0200,6,-4.000,4.000,5.380,4.000,4.000,5.332,-4.000,-4.000,3.752,4.000,-4.000,5.001
7.0300,6,-4.000,4.000,5.380,4.000,4.000,5.332,-4.000,-4.000,3.752,4.000,-4.000,5.001
7.0400,6,-4.000,4.000,5.380,4.000,4.000,5.333,-4.000,-4.000,3.752,4.000,-4.000,5.000
7.0500,6,-4.000,4.000,5.380,4.000,4.000,5.333,-4.000,-4.000,3.752,4.000,-4.000,4.999
7.0600,6,-4.000,4.000,5.380,4.000,4.000,5.333,-4.000,-4.000,3.753,4.000,-4.000,4.999
7.0700,6,-4.000,4.000,5.380,4.000,4.000,5.333,-4.000,-4.000,3.753,4.000,-4.000,4.999
7.0800,6,-4.000,4.000,5.380,4.000,4.000,5.333,-4.000,-4.000,3.753,4.000,-4.000,4.999
7.0900,6,-4.000,4.000,5.381,4.000,4.000,5.333,-4.000,-4.000,3.753,4.000,-4.000,5.000
7.1000,6,-4.000,4.000,5.381,4.000,4.000,5.333,-4.000,-4.000,3.753,4.000,-4.000,5.000
7.1100,6,-4.000,4.000,5.381,4.000,4.000,5.333,-4.000,-4.000,3.753,4.000,-4.000,5.000
7.1200,6,-4.000,4.000,5.381,4.000,4.000,5.333,-4.000,-4.000,3.753,4.000,-4.000,5.000
7.1300,6,-4.000,4.000,5.381,4.000,4.000,5.333,-4.000,-4.000,3.753,4.000,-4.000,5.000
7.1400,6,-4.000,4.000,5.381,4.000,4.000,5.333,-4.000,-4.000,3.754,4.000,-4.000,5.000
7.1500,6,-4.000,4.000,5.382,4.000,4.000,5.333,-4.000,-4.000,3.754,4.000,-4.000,5.000
7.1600,6,-4.000,4.000,5.382,4.000,4.000,5.333,-4.000,-4.000,3.754,4.000,-4.000,4.999
7.1700,6,-4.000,4.000,5.382,4.000,4.000,5.333,-4.000,-4.000,3.754,4.000,-4.000,4.999
7.1800,6,-4.000,4.000,5.382,4.000,4.000,5.333,-4.000,-4.000,3.754,4.000,-4.000,4.999
7.1900,6,-4.000,4.000,5.382,4.000,4.000,5.333,-4.000,-4.000,3.754,4.000,-4.000,5.000
7.2000,6,-4.000,4.000,5.382,4.000,4.000,5.333,-4.000,-4.000,3.754,4.000,-4.000,5.000
7.2100,6,-4.000,4.000,5.382,4.000,4.000,5.333,-4.000,-4.000,3.754,4.000,-4.000,5.000
7.2200,6,-4.000,4.000,5.382,4.000,4.000,5.333,-4.000,-4.000,3.755,4.000,-4.000,4.999
7.2300,6,-4.000,4.000,5.383,4.000,4.000,5.333,-4.000,-4.000,3.755,4.000,-4.000,4.998
7.2400,6,-4.000,4.000,5.383,4.000,4.000,5.333,-4.000,-4.000,3.755,4.000,-4.000,4.997
7.2500,6,-4.000,4.000,5.383,4.000,4.000,5.333,-4.000,-4.000,3.755,4.000,-4.000,4.997
7.2600,6,-4.000,4.000,5.383,4.000,4.000,5.333,-4.000,-4.000,3.755,4.000,-4.000,4.997
7.2700,6,-4.000,4.000,5.383,4.000,4.000,5.333,-4.000,-4.000,3.755,4.000,-4.000,4.997
7.2800,6,-4.000,4.000,5.383,4.000,4.000,5.333,-4.000,-4.000,3.755,4.000,-4.000,4.997
7.2900,6,-4.000,4.000,5.383,4.000,4.000,5.333,-4.000,-4.000,3.755,4.000,-4.000,4.997
7.3000,6,-4.000,4.000,5.383,4.000,4.000,5.333,-4.000,-4.000,3.755,4.000,-4.000,4.998
7.3100,6,-4.000,4.000,5.384,4.000,4.000,5.333,-4.000,-4.000,3.756,4.000,-4.000,4.999
7.3200,6,-4.000,4.000,5.384,4.000,4.000,5.333,-4.000,-4.000,3.756,4.000,-4.000,5.000
7.3300,6,-4.000,4.000,5.384,4.000,4.000,5.333,-4.000,-4.000,3.756,4.000,-4.000,5.000
7.3400,6,-4.000,4.000,5.384,4.000,4.000,5.333,-4.000,-4.000,3.756,4.000,-4.000,4.999
7.3500,6,-4.000,4.000,5.384,4.000,4.000,5.333,-4.000,-4.000,3.756,4.000,-4.000,4.999
7.3600,6,-4.000,4.000,5.384,4.000,4.000,5.333,-4.000,-4.000,3.756,4.000,-4.000,4.999
7.3700,6,-4.000,4.000,5.384,4.000,4.000,5.333,-4.000,-4.000,3.756,4.000,-4.000,4.999
7.3800,6,-4.000,4.000,5.384,4.000,4.000,5.333,-4.000,-4.000,3.756,4.000,-4.000,4.999
7.3900,6,-4.000,4.000,5.385,4.000,4.000,5.333,-4.000,-4.000,3.756,4.000,-4.000,4.999
7.4000,6,-4.000,4.000,5.385,4.000,4.000,5.333,-4.000,-4.000,3.756,4.000,-4.000,5.000
7.4100,6,-4.000,4.000,5.385,4.000,4.000,5.333,-4.000,-4.000,3.757,4.000,-4.000,5.001
7.4200,6,-4.000,4.000,5.385,4.000,4.000,5.333,-4.000,-4.000,3.757,4.000,-4.000,5.001
7.4300,6,-4.000,4.000,5.385,4.000,4.000,5.333,-4.000,-4.000,3.757,4.000,-4.000,5.000
7.4400,6,-4.000,4.000,5.385,4.000,4.000,5.333,-4.000,-4.000,3.757,4.000,-4.000,4.999
7.4500,6,-4.000,4.000,5.385,4.000,4.000,5.333,-4.000,-4.000,3.757,4.000,-4.000,4.999
7.4600,6,-4.000,4.000,5.385,4.000,4.000,5.333,-4.000,-4.000,3.757,4.000,-4.000,4.998
7.4700,6,-4.000,4.000,5.385,4.000,4.000,5.333,-4.000,-4.000,3.757,4.000,-4.000,4.998
7.4800,6,-4.000,4.000,5.386,4.000,4.000,5.333,-4.000,-4.000,3.757,4.000,-4.000,4.999
7.4900,6,-4.000,4.000,5.386,4.000,4.000,5.333,-4.000,-4.000,3.757,4.000,-4.000,4.999
7.5000,6,-4.000,4.000,5.386,4.000,4.000,5.333,-4.000,-4.000,3.757,4.000,-4.000,5.000
7.5100,6,-4.000,4.000,5.386,4.000,4.000,5.333,-4.000,-4.000,3.757,4.000,-4.000,5.001
7.5200,6,-4.000,4.000,5.386,4.000,4.000,5.333,-4.000,-4.000,3.758,4.000,-4.000,5.001
7.5300,6,-4.000,4.000,5.386,4.000,4.000,5.333,-4.000,-4.000,3.758,4.000,-4.000,5.000
7.5400,6,-4.000,4.000,5.386,4.000,4.000,5.333,-4.000,-4.000,3.758,4.000,-4.000,4.999
7.5500,6,-4.000,4.000,5.386,4.000,4.000,5.333,-4.000,-4.000,3.758,4.000,-4.000,4.998
7.5600,6,-4.000,4.000,5.386,4.000,4.000,5.333,-4.000,-4.000,3.758,4.000,-4.000,4.998
7.5700,6,-4.000,4.000,5.386,4.000,4.000,5.333,-4.000,-4.000,3.758,4.000,-4.000,4.998
7.5800,6,-4.000,4.000,5.387,4.000,4.000,5.333,-4.000,-4.000,3.758,4.000,-4.000,4.999
7.5900,6,-4.000,4.000,5.387,4.000,4.000,5.333,-4.000,-4.000,3.758,4.000,-4.000,4.999
7.6000,6,-4.000,4.000,5.387,4.000,4.000,5.333,-4.000,-4.000,3.758,4.000,-4.000,5.000
7.6100,6,-4.000,4.000,5.387,4.000,4.000,5.334,-4.000,-4.000,3.758,4.000,-4.000,5.001
7.6200,6,-4.000,4.000,5.387,4.000,4.000,5.334,-4.000,-4.000,3.758,4.000,-4.000,5.001
7.6300,6,-4.000,4.000,5.387,4.000,4.000,5.334,-4.000,-4.000,3.759,4.000,-4.000,5.000
7.6400,6,-4.000,4.000,5.387,4.000,4.000,5.334,-4.000,-4.000,3.759,4.000,-4.000,4.999
7.6500,6,-4.000,4.000,5.387,4.000,4.000,5.334,-4.000,-4.000,3.759,4.000,-4.000,4.999
7.6600,6,-4.000,4.000,5.387,4.000,4.000,5.334,-4.000,-4.000,3.759,4.000,-4.000,4.998
7.6700,6,-4.000,4.000,5.387,4.000,4.000,5.334,-4.000,-4.000,3.759,4.000,-4.000,4.998
7.6800,6,-4.000,4.000,5.387,4.000,4.000,5.334,-4.000,-4.000,3.759,4.000,-4.000,4.999
7.6900,6,-4.000,4.000,5.388,4.000,4.000,5.334,-4.000,-4.000,3.759,4.000,-4.000,4.999
7.7000,6,-4.000,4.000,5.388,4.000,4.000,5.334,-4.000,-4.000,3.759,4.000,-4.000,5.000
7.7100,6,-4.000,4.000,5.388,4.000,4.000,5.334,-4.000,-4.000,3.759,4.000,-4.000,5.001
7.7200,6,-4.000,4.000,5.388,4.000,4.000,5.334,-4.000,-4.000,3.759,4.000,-4.000,5.001
7.7300,6,-4.000,4.000,5.388,4.000,4.000,5.334,-4.000,-4.000,3.759,4.000,-4.000,5.000
7.7400,6,-4.000,4.000,5.388,4.000,4.000,5.334,-4.000,-4.000,3.759,4.000,-4.000,4.999
7.7500,6,-4.000,4.000,5.388,4.000,4.000,5.334,-4.000,-4.000,3.759,4.000,-4.000,4.999
7.7600,6,-4.000,4.000,5.388,4.000,4.000,5.334,-4.000,-4.000,3.760,4.000,-4.000,4.999
7.7700,6,-4.000,4.000,5.388,4.000,4.000,5.334,-4.000,-4.000,3.760,4.000,-4.000,4.999
7.7800,6,-4.000,4.000,5.388,4.000,4.000,5.334,-4.000,-4.000,3.760,4.000,-4.000,4.999
7.7900,6,-4.000,4.000,5.388,4.000,4.000,5.334,-4.000,-4.000,3.760,4.000,-4.000,4.999
7.8000,6,-4.000,4.000,5.388,4.000,4.000,5.334,-4.000,-4.000,3.760,4.000,-4.000,5.000
7.8100,6,-4.000,4.000,5.388,4.000,4.000,5.334,-4.000,-4.000,3.760,4.000,-4.000,5.000
7.8200,6,-4.000,4.000,5.389,4.000,4.000,5.334,-4.000,-4.000,3.760,4.000,-4.000,5.000
7.8300,6,-4.000,4.000,5.389,4.000,4.000,5.334,-4.000,-4.000,3.760,4.000,-4.000,5.000
7.8400,6,-4.000,4.000,5.389,4.000,4.000,5.334,-4.000,-4.000,3.760,4.000,-4.000,5.000
7.8500,6,-4.000,4.000,5.389,4.000,4.000,5.334,-4.000,-4.000,3.760,4.000,-4.000,4.999
7.8600,6,-4.000,4.000,5.389,4.000,4.000,5.334,-4.000,-4.000,3.760,4.000,-4.000,4.999
7.8700,6,-4.000,4.000,5.389,4.000,4.000,5.334,-4.000,-4.000,3.760,4.000,-4.000,4.999
7.8800,6,-4.000,4.000,5.389,4.000,4.000,5.334,-4.000,-4.000,3.760,4.000,-4.000,4.999
7.8900,6,-4.000,4.000,5.389,4.000,4.000,5.334,-4.000,-4.000,3.760,4.000,-4.000,5.000
7.9000,6,-4.000,4.000,5.389,4.000,4.000,5.334,-4.000,-4.000,3.760,4.000,-4.000,5.001
7.9100,6,-4.000,4.000,5.389,4.000,4.000,5.334,-4.000,-4.000,3.761,4.000,-4.000,5.000
7.9200,6,-4.000,4.000,5.389,4.000,4.000,5.334,-4.000,-4.000,3.761,4.000,-4.000,4.999
7.9300,6,-4.000,4.000,5.389,4.000,4.000,5.334,-4.000,-4.000,3.761,4.000,-4.000,4.998
7.9400,6,-4.000,4.000,5.389,4.000,4.000,5.334,-4.000,-4.000,3.761,4.000,-4.000,4.998
7.9500,6,-4.000,4.000,5.390,4.000,4.000,5.334,-4.000,-4.000,3.761,4.000,-4.000,4.997
7.9600,6,-4.000,4.000,5.390,4.000,4.000,5.334,-4.000,-4.000,3.761,4.000,-4.000,4.997
7.9700,6,-4.000,4.000,5.390,4.000,4.000,5.334,-4.000,-4.000,3.761,4.000,-4.000,4.997
7.9800,6,-4.000,4.000,5.390,4.000,4.000,5.334,-4.000,-4.000,3.761,4.000,-4.000,4.998
7.9900,6,-4.000,4.000,5.390,4.000,4.000,5.334,-4.000,-4.000,3.761,4.000,-4.000,4.998
8.0000,6,-4.000,4.000,5.390,4.000,4.000,5.334,-4.000,-4.000,3.761,4.000,-4.000,4.999
8.0100,6,-4.000,4.000,5.390,4.000,4.000,5.334,-4.000,-4.000,3.761,4.000,-4.000,5.000
8.0200,6,-4.000,4.000,5.390,4.000,4.000,5.334,-4.000,-4.000,3.761,4.000,-4.000,5.000
8.0300,6,-4.000,4.000,5.390,4.000,4.000,5.334,-4.000,-4.000,3.761,4.000,-4.000,4.999
8.0400,6,-4.000,4.000,5.390,4.000,4.000,5.334,-4.000,-4.000,3.761,4.000,-4.000,4.999
8.0500,6,-4.000,4.000,5.390,4.000,4.000,5.334,-4.000,-4.000,3.761,4.000,-4.000,4.998
8.0600,6,-4.000,4.000,5.390,4.000,4.000,5.334,-4.000,-4.000,3.761,4.000,-4.000,4.998
8.0700,6,-4.000,4.000,5.390,4.000,4.000,5.334,-4.000,-4.000,3.762,4.000,-4.000,4.998
8.0800,6,-4.000,4.000,5.390,4.000,4.000,5.334,-4.000,-4.000,3.762,4.000,-4.000,4.999
8.0900,6,-4.000,4.000,5.390,4.000,4.000,5.334,-4.000,-4.000,3.762,4.000,-4.000,4.999
8.1000,6,-4.000,4.000,5.390,4.000,4.000,5.334,-4.000,-4.000,3.762,4.000,-4.000,5.000
8.1100,6,-4.000,4.000,5.391,4.000,4.000,5.334,-4.000,-4.000,3.762,4.000,-4.000,5.000
8.1200,6,-4.000,4.000,5.391,4.000,4.000,5.334,-4.000,-4.000,3.762,4.000,-4.000,5.000
8.1300,6,-4.000,4.000,5.391,4.000,4.000,5.334,-4.000,-4.000,3.762,4.000,-4.000,5.000
8.1400,6,-4.000,4.000,5.391,4.000,4.000,5.334,-4.000,-4.000,3.762,4.000,-4.000,5.000
8.1500,6,-4.000,4.000,5.391,4.000,4.000,5.334,-4.000,-4.000,3.762,4.000,-4.000,4.999
8.1600,6,-4.000,4.000,5.391,4.000,4.000,5.334,-4.000,-4.000,3.762,4.000,-4.000,4.999
8.1700,6,-4.000,4.000,5.391,4.000,4.000,5.334,-4.000,-4.000,3.762,4.000,-4.000,4.999
8.1800,6,-4.000,4.000,5.391,4.000,4.000,5.334,-4.000,-4.000,3.762,4.000,-4.000,5.000
8.1900,6,-4.000,4.000,5.391,4.000,4.000,5.334,-4.000,-4.000,3.762,4.000,-4.000,5.000
8.2000,6,-4.000,4.000,5.391,4.000,4.000,5.334,-4.000,-4.000,3.762,4.000,-4.000,5.000
8.2100,6,-4.000,4.000,5.391,4.000,4.000,5.334,-4.000,-4.000,3.762,4.000,-4.000,5.000
8.2200,6,-4.000,4.000,5.391,4.000,4.000,5.334,-4.000,-4.000,3.762,4.000,-4.000,5.000
8.2300,6,-4.000,4.000,5.391,4.000,4.000,5.334,-4.000,-4.000,3.762,4.000,-4.000,5.000
8.2400,6,-4.000,4.000,5.391,4.000,4.000,5.334,-4.000,-4.000,3.762,4.000,-4.000,4.999
8.2500,6,-4.000,4.000,5.391,4.000,4.000,5.334,-4.000,-4.000,3.762,4.000,-4.000,4.999
8.2600,6,-4.000,4.000,5.391,4.000,4.000,5.334,-4.000,-4.000,3.763,4.000,-4.000,4.999
8.2700,6,-4.000,4.000,5.391,4.000,4.000,5.334,-4.000,-4.000,3.763,4.000,-4.000,4.999
8.2800,6,-4.000,4.000,5.391,4.000,4.000,5.334,-4.000,-4.000,3.763,4.000,-4.000,4.999
8.2900,6,-4.000,4.000,5.392,4.000,4.000,5.334,-4.000,-4.000,3.763,4.000,-4.000,5.000
8.3000,6,-4.000,4.000,5.392,4.000,4.000,5.334,-4.000,-4.000,3.763,4.000,-4.000,5.000
8.3100,6,-4.000,4.000,5.392,4.000,4.000,5.334,-4.000,-4.000,3.763,4.000,-4.000,5.000
8.3200,6,-4.000,4.000,5.392,4.000,4.000,5.334,-4.000,-4.000,3.763,4.000,-4.000,5.000
8.3300,6,-4.000,4.000,5.392,4.000,4.000,5.334,-4.000,-4.000,3.763,4.000,-4.000,5.000
8.3400,6,-4.000,4.000,5.392,4.000,4.000,5.334,-4.000,-4.000,3.763,4.000,-4.000,4.999
8.3500,6,-4.000,4.000,5.392,4.000,4.000,5.334,-4.000,-4.000,3.763,4.000,-4.000,4.999
8.3600,6,-4.000,4.000,5.392,4.000,4.000,5.334,-4.000,-4.000,3.763,4.000,-4.000,4.999
8.3700,6,-4.000,4.000,5.392,4.000,4.000,5.334,-4.000,-4.000,3.763,4.000,-4.000,4.999
8.3800,6,-4.000,4.000,5.392,4.000,4.000,5.334,-4.000,-4.000,3.763,4.000,-4.000,5.000
8.3900,6,-4.000,4.000,5.392,4.000,4.000,5.334,-4.000,-4.000,3.763,4.000,-4.000,5.000
8.4000,6,-4.000,4.000,5.392,4.000,4.000,5.334,-4.000,-4.000,3.763,4.000,-4.000,5.000
8.4100,6,-4.000,4.000,5.392,4.000,4.000,5.334,-4.000,-4.000,3.763,4.000,-4.000,5.000
8.4200,6,-4.000,4.000,5.392,4.000,4.000,5.334,-4.000,-4.000,3.763,4.000,-4.000,5.000
8.4300,6,-4.000,4.000,5.392,4.000,4.000,5.334,-4.000,-4.000,3.763,4.000,-4.000,5.000
8.4400,6,-4.000,4.000,5.392,4.000,4.000,5.334,-4.000,-4.000,3.763,4.000,-4.000,5.000
8.4500,6,-4.000,4.000,5.392,4.000,4.000,5.334,-4.000,-4.000,3.763,4.000,-4.000,4.999
8.4600,6,-4.000,4.000,5.392,4.000,4.000,5.334,-4.000,-4.000,3.763,4.000,-4.000,4.999
8.4700,6,-4.000,4.000,5.392,4.000,4.000,5.334,-4.000,-4.000,3.763,4.000,-4.000,4.999
8.4800,6,-4.000,4.000,5.392,4.000,4.000,5.334,-4.000,-4.000,3.763,4.000,-4.000,5.000
8.4900,6,-4.000,4.000,5.392,4.000,4.000,5.334,-4.000,-4.000,3.764,4.000,-4.000,5.000
8.5000,6,-4.000,4.000,5.392,4.000,4.000,5.334,-4.000,-4.000,3.764,4.000,-4.000,5.000
8.5100,6,-4.000,4.000,5.393,4.000,4.000,5.334,-4.000,-4.000,3.764,4.000,-4.000,4.999
8.5200,6,-4.000,4.000,5.393,4.000,4.000,5.334,-4.000,-4.000,3.764,4.000,-4.000,4.998
8.5300,6,-4.000,4.000,5.393,4.000,4.000,5.334,-4.000,-4.000,3.764,4.000,-4.000,4.997
8.5400,6,-4.000,4.000,5.393,4.000,4.000,5.334,-4.000,-4.000,3.764,4.000,-4.000,4.997
8.5500,6,-4.000,4.000,5.393,4.000,4.000,5.334,-4.000,-4.000,3.764,4.000,-4.000,4.996
8.5600,6,-4.000,4.000,5.393,4.000,4.000,5.334,-4.000,-4.000,3.764,4.000,-4.000,4.996
8.5700,6,-4.000,4.000,5.393,4.000,4.000,5.334,-4.000,-4.000,3.764,4.000,-4.000,4.997
8.5800,6,-4.000,4.000,5.393,4.000,4.000,5.334,-4.000,-4.000,3.764,4.000,-4.000,4.997
8.5900,6,-4.000,4.000,5.393,4.000,4.000,5.334,-4.000,-4.000,3.764,4.000,-4.000,4.998
8.6000,6,-4.000,4.000,5.393,4.000,4.000,5.334,-4.000,-4.000,3.764,4.000,-4.000,4.999
8.6100,6,-4.000,4.000,5.393,4.000,4.000,5.334,-4.000,-4.000,3.764,4.000,-4.000,5.000
8.6200,6,-4.000,4.000,5.393,4.000,4.000,5.334,-4.000,-4.000,3.764,4.000,-4.000,5.001
8.6300,6,-4.000,4.000,5.393,4.000,4.000,5.334,-4.000,-4.000,3.764,4.000,-4.000,5.002
8.6400,6,-4.000,4.000,5.393,4.000,4.000,5.334,-4.000,-4.000,3.764,4.000,-4.000,5.001
8.6500,6,-4.000,4.000,5.393,4.000,4.000,5.334,-4.000,-4.000,3.764,4.000,-4.000,4.999
8.6600,6,-4.000,4.000,5.393,4.000,4.000,5.334,-4.000,-4.000,3.764,4.000,-4.000,4.998
8.6700,6,-4.000,4.000,5.393,4.000,4.000,5.334,-4.000,-4.000,3.764,4.000,-4.000,4.997
8.6800,6,-4.000,4.000,5.393,4.000,4.000,5.334,-4.000,-4.000,3.764,4.000,-4.000,4.997
8.6900,6,-4.000,4.000,5.393,4.000,4.000,5.334,-4.000,-4.000,3.764,4.000,-4.000,4.996
8.7000,6,-4.000,4.000,5.393,4.000,4.000,5.334,-4.000,-4.000,3.764,4.000,-4.000,4.996
8.7100,6,-4.000,4.000,5.393,4.000,4.000,5.334,-4.000,-4.000,3.764,4.000,-4.000,4.996
8.7200,6,-4.000,4.000,5.393,4.000,4.000,5.334,-4.000,-4.000,3.764,4.000,-4.000,4.996
8.7300,6,-4.000,4.000,5.393,4.000,4.000,5.334,-4.000,-4.000,3.764,4.000,-4.000,4.997
8.7400,6,-4.000,4.000,5.393,4.000,4.000,5.334,-4.000,-4.000,3.764,4.000,-4.000,4.998
8.7500,6,-4.000,4.000,5.393,4.000,4.000,5.334,-4.000,-4.000,3.764,4.000,-4.000,4.999
8.7600,6,-4.000,4.000,5.393,4.000,4.000,5.334,-4.000,-4.000,3.765,4.000,-4.000,5.000
8.7700,6,-4.000,4.000,5.394,4.000,4.000,5.334,-4.000,-4.000,3.765,4.000,-4.000,5.001
8.7800,6,-4.000,4.000,5.394,4.000,4.000,5.334,-4.000,-4.000,3.765,4.000,-4.000,5.001
8.7900,6,-4.000,4.000,5.394,4.000,4.000,5.334,-4.000,-4.000,3.765,4.000,-4.000,5.001
8.8000,6,-4.000,4.000,5.394,4.000,4.000,5.334,-4.000,-4.000,3.765,4.000,-4.000,4.999
8.8100,6,-4.000,4.000,5.394,4.000,4.000,5.334,-4.000,-4.000,3.765,4.000,-4.000,4.998
8.8200,6,-4.000,4.000,5.394,4.000,4.000,5.334,-4.000,-4.000,3.765,4.000,-4.000,4.997
8.8300,6,-4.000,4.000,5.394,4.000,4.000,5.334,-4.000,-4.000,3.765,4.000,-4.000,4.997
8.8400,6,-4.000,4.000,5.394,4.000,4.000,5.334,-4.000,-4.000,3.765,4.000,-4.000,4.996
8.8500,6,-4.000,4.000,5.394,4.000,4.000,5.334,-4.000,-4.000,3.765,4.000,-4.000,4.996
8.8600,6,-4.000,4.000,5.394,4.000,4.000,5.334,-4.000,-4.000,3.765,4.000,-4.000,4.996
8.8700,6,-4.000,4.000,5.394,4.000,4.000,5.334,-4.000,-4.000,3.765,4.000,-4.000,4.997
8.8800,6,-4.000,4.000,5.394,4.000,4.000,5.334,-4.000,-4.000,3.765,4.000,-4.000,4.997
8.8900,6,-4.000,4.000,5.394,4.000,4.000,5.334,-4.000,-4.000,3.765,4.000,-4.000,4.998
8.9000,6,-4.000,4.000,5.394,4.000,4.000,5.334,-4.000,-4.000,3.765,4.000,-4.000,4.999
8.9100,6,-4.000,4.000,5.394,4.000,4.000,5.334,-4.000,-4.000,3.765,4.000,-4.000,5.000
8.9200,6,-4.000,4.000,5.394,4.000,4.000,5.334,-4.000,-4.000,3.765,4.000,-4.000,5.001
8.9300,6,-4.000,4.000,5.394,4.000,4.000,5.334,-4.000,-4.000,3.765,4.000,-4.000,5.002
8.9400,6,-4.000,4.000,5.394,4.000,4.000,5.334,-4.000,-4.000,3.765,4.000,-4.000,5.001
8.9500,6,-4.000,4.000,5.394,4.000,4.000,5.334,-4.000,-4.000,3.765,4.000,-4.000,5.000
8.9600,6,-4.000,4.000,5.394,4.000,4.000,5.334,-4.000,-4.000,3.765,4.000,-4.000,4.999
8.9700,6,-4.000,4.000,5.394,4.000,4.000,5.334,-4.000,-4.000,3.765,4.000,-4.000,4.998
8.9800,6,-4.000,4.000,5.394,4.000,4.000,5.334,-4.000,-4.000,3.765,4.000,-4.000,4.997
8.9900,6,-4.000,4.000,5.394,4.000,4.000,5.334,-4.000,-4.000,3.765,4.000,-4.000,4.997
9.0000,6,-4.000,4.000,5.394,4.000,4.000,5.334,-4.000,-4.000,3.765,4.000,-4.000,4.997
9.0100,6,-4.000,4.000,5.394,4.000,4.000,5.334,-4.000,-4.000,3.765,4.000,-4.000,4.997
9.0200,6,-4.000,4.000,5.394,4.000,4.000,5.334,-4.000,-4.000,3.765,4.000,-4.000,4.997
9.0300,6,-4.000,4.000,5.394,4.000,4.000,5.334,-4.000,-4.000,3.765,4.000,-4.000,4.998
9.0400,6,-4.000,4.000,5.394,4.000,4.000,5.334,-4.000,-4.000,3.765,4.000,-4.000,4.998
9.0500,6,-4.000,4.000,5.394,4.000,4.000,5.334,-4.000,-4.000,3.765,4.000,-4.000,4.999
9.0600,6,-4.000,4.000,5.394,4.000,4.000,5.334,-4.000,-4.000,3.765,4.000,-4.000,5.000
9.0700,6,-4.000,4.000,5.394,4.000,4.000,5.334,-4.000,-4.000,3.765,4.000,-4.000,5.001
9.0800,6,-4.000,4.000,5.394,4.000,4.000,5.334,-4.000,-4.000,3.765,4.000,-4.000,5.000
9.0900,6,-4.000,4.000,5.394,4.000,4.000,5.334,-4.000,-4.000,3.765,4.000,-4.000,4.998
9.1000,6,-4.000,4.000,5.394,4.000,4.000,5.334,-4.000,-4.000,3.765,4.000,-4.000,4.997
9.1100,6,-4.000,4.000,5.394,4.000,4.000,5.334,-4.000,-4.000,3.765,4.000,-4.000,4.996
9.1200,6,-4.000,4.000,5.394,4.000,4.000,5.334,-4.000,-4.000,3.766,4.000,-4.000,4.995
9.1300,6,-4.000,4.000,5.395,4.000,4.000,5.334,-4.000,-4.000,3.766,4.000,-4.000,4.995
9.1400,6,-4.000,4.000,5.395,4.000,4.000,5.334,-4.000,-4.000,3.766,4.000,-4.000,4.994
9.1500,6,-4.000,4.000,5.395,4.000,4.000,5.334,-4.000,-4.000,3.766,4.000,-4.000,4.994
9.1600,6,-4.000,4.000,5.395,4.000,4.000,5.334,-4.000,-4.000,3.766,4.000,-4.000,4.995
9.1700,6,-4.000,4.000,5.395,4.000,4.000,5.334,-4.000,-4.000,3.766,4.000,-4.000,4.995
9.1800,6,-4.000,4.000,5.395,4.000,4.000,5.334,-4.000,-4.000,3.766,4.000,-4.000,4.996
9.1900,6,-4.000,4.000,5.395,4.000,4.000,5.334,-4.000,-4.000,3.766,4.000,-4.000,4.996
9.2000,6,-4.000,4.000,5.395,4.000,4.000,5.334,-4.000,-4.000,3.766,4.000,-4.000,4.997
9.2100,6,-4.000,4.000,5.395,4.000,4.000,5.334,-4.000,-4.000,3.766,4.000,-4.000,4.999
9.2200,6,-4.000,4.000,5.395,4.000,4.000,5.334,-4.000,-4.000,3.766,4.000,-4.000,5.000
9.2300,6,-4.000,4.000,5.395,4.000,4.000,5.334,-4.000,-4.000,3.766,4.000,-4.000,5.001
9.2400,6,-4.000,4.000,5.395,4.000,4.000,5.334,-4.000,-4.000,3.766,4.000,-4.000,5.000
9.2500,6,-4.000,4.000,5.395,4.000,4.000,5.334,-4.000,-4.000,3.766,4.000,-4.000,4.999
9.2600,6,-4.000,4.000,5.395,4.000,4.000,5.334,-4.000,-4.000,3.766,4.000,-4.000,4.998
9.2700,6,-4.000,4.000,5.395,4.000,4.000,5.334,-4.000,-4.000,3.766,4.000,-4.000,4.997
9.2800,6,-4.000,4.000,5.395,4.000,4.000,5.334,-4.000,-4.000,3.766,4.000,-4.000,4.997
9.2900,6,-4.000,4.000,5.395,4.000,4.000,5.334,-4.000,-4.000,3.766,4.000,-4.000,4.996
9.3000,6,-4.000,4.000,5.395,4.000,4.000,5.334,-4.000,-4.000,3.766,4.000,-4.000,4.996
9.3100,6,-4.000,4.000,5.395,4.000,4.000,5.334,-4.000,-4.000,3.766,4.000,-4.000,4.996
9.3200,6,-4.000,4.000,5.395,4.000,4.000,5.334,-4.000,-4.000,3.766,4.000,-4.000,4.997
9.3300,6,-4.000,4.000,5.395,4.000,4.000,5.334,-4.000,-4.000,3.766,4.000,-4.000,4.997
9.3400,6,-4.000,4.000,5.395,4.000,4.000,5.334,-4.000,-4.000,3.766,4.000,-4.000,4.998
9.3500,6,-4.000,4.000,5.395,4.000,4.000,5.334,-4.000,-4.000,3.766,4.000,-4.000,4.999
9.3600,6,-4.000,4.000,5.395,4.000,4.000,5.334,-4.000,-4.000,3.766,4.000,-4.000,5.000
9.3700,6,-4.000,4.000,5.395,4.000,4.000,5.334,-4.000,-4.000,3.766,4.000,-4.000,5.001
9.3800,6,-4.000,4.000,5.395,4.000,4.000,5.334,-4.000,-4.000,3.766,4.000,-4.000,5.000
9.3900,6,-4.000,4.000,5.395,4.000,4.000,5.334,-4.000,-4.000,3.766,4.000,-4.000,4.999
9.4000,6,-4.000,4.000,5.395,4.000,4.000,5.334,-4.000,-4.000,3.766,4.000,-4.000,4.997
9.4100,6,-4.000,4.000,5.395,4.000,4.000,5.334,-4.000,-4.000,3.766,4.000,-4.000,4.996
9.4200,6,-4.000,4.000,5.395,4.000,4.000,5.334,-4.000,-4.000,3.766,4.000,-4.000,4.996
9.4300,6,-4.000,4.000,5.395,4.000,4.000,5.334,-4.000,-4.000,3.766,4.000,-4.000,4.995
9.4400,6,-4.000,4.000,5.395,4.000,4.000,5.334,-4.000,-4.000,3.766,4.000,-4.000,4.995
9.4500,6,-4.000,4.000,5.395,4.000,4.000,5.334,-4.000,-4.000,3.766,4.000,-4.000,4.995
9.4600,6,-4.000,4.000,5.395,4.000,4.000,5.334,-4.000,-4.000,3.766,4.000,-4.000,4.995
9.4700,6,-4.000,4.000,5.395,4.000,4.000,5.334,-4.000,-4.000,3.766,4.000,-4.000,4.996
9.4800,6,-4.000,4.000,5.395,4.000,4.000,5.334,-4.000,-4.000,3.766,4.000,-4.000,4.996
9.4900,6,-4.000,4.000,5.395,4.000,4.000,5.334,-4.000,-4.000,3.766,4.000,-4.000,4.997
9.5000,6,-4.000,4.000,5.395,4.000,4.000,5.334,-4.000,-4.000,3.766,4.000,-4.000,4.998
9.5100,6,-4.000,4.000,5.395,4.000,4.000,5.334,-4.000,-4.000,3.766,4.000,-4.000,5.000
9.5200,6,-4.000,4.000,5.395,4.000,4.000,5.334,-4.000,-4.000,3.766,4.000,-4.000,5.001
9.5300,6,-4.000,4.000,5.395,4.000,4.000,5.334,-4.000,-4.000,3.766,4.000,-4.000,5.002
9.5400,6,-4.000,4.000,5.395,4.000,4.000,5.334,-4.000,-4.000,3.766,4.000,-4.000,5.001
9.5500,6,-4.000,4.000,5.395,4.000,4.000,5.334,-4.000,-4.000,3.766,4.000,-4.000,5.000
9.5600,6,-4.000,4.000,5.395,4.000,4.000,5.334,-4.000,-4.000,3.766,4.000,-4.000,4.999
9.5700,6,-4.000,4.000,5.395,4.000,4.000,5.334,-4.000,-4.000,3.766,4.000,-4.000,4.998
9.5800,6,-4.000,4.000,5.395,4.000,4.000,5.334,-4.000,-4.000,3.766,4.000,-4.000,4.998
9.5900,6,-4.000,4.000,5.395,4.000,4.000,5.334,-4.000,-4.000,3.766,4.000,-4.000,4.997
9.6000,6,-4.000,4.000,5.395,4.000,4.000,5.334,-4.000,-4.000,3.766,4.000,-4.000,4.997
9.6100,6,-4.000,4.000,5.395,4.000,4.000,5.334,-4.000,-4.000,3.766,4.000,-4.000,4.997
9.6200,6,-4.000,4.000,5.395,4.000,4.000,5.334,-4.000,-4.000,3.766,4.000,-4.000,4.998
9.6300,6,-4.000,4.000,5.395,4.000,4.000,5.334,-4.000,-4.000,3.767,4.000,-4.000,4.999
9.6400,6,-4.000,4.000,5.395,4.000,4.000,5.334,-4.000,-4.000,3.767,4.000,-4.000,4.999
9.6500,6,-4.000,4.000,5.396,4.000,4.000,5.334,-4.000,-4.000,3.767,4.000,-4.000,5.000
9.6600,6,-4.000,4.000,5.396,4.000,4.000,5.334,-4.000,-4.000,3.767,4.000,-4.000,5.001
9.6700,6,-4.000,4.000,5.396,4.000,4.000,5.334,-4.000,-4.000,3.767,4.000,-4.000,5.000
9.6800,6,-4.000,4.000,5.396,4.000,4.000,5.334,-4.000,-4.000,3.767,4.000,-4.000,4.999
9.6900,6,-4.000,4.000,5.396,4.000,4.000,5.334,-4.000,-4.000,3.767,4.000,-4.000,4.999
9.7000,6,-4.000,4.000,5.396,4.000,4.000,5.334,-4.000,-4.000,3.767,4.000,-4.000,4.999
9.7100,6,-4.000,4.000,5.396,4.000,4.000,5.334,-4.000,-4.000,3.767,4.000,-4.000,4.999
9.7200,6,-4.000,4.000,5.396,4.000,4.000,5.334,-4.000,-4.000,3.767,4.000,-4.000,4.999
9.7300,6,-4.000,4.000,5.396,4.000,4.000,5.334,-4.000,-4.000,3.767,4.000,-4.000,5.000
9.7400,6,-4.000,4.000,5.396,4.000,4.000,5.334,-4.000,-4.000,3.767,4.000,-4.000,5.000
9.7500,6,-4.000,4.000,5.396,4.000,4.000,5.334,-4.000,-4.000,3.767,4.000,-4.000,5.000
9.7600,6,-4.000,4.000,5.396,4.000,4.000,5.334,-4.000,-4.000,3.767,4.000,-4.000,5.000
9.7700,6,-4.000,4.000,5.396,4.000,4.000,5.334,-4.000,-4.000,3.767,4.000,-4.000,5.000
9.7800,6,-4.000,4.000,5.396,4.000,4.000,5.334,-4.000,-4.000,3.767,4.000,-4.000,5.000
9.7900,6,-4.000,4.000,5.396,4.000,4.000,5.334,-4.000,-4.000,3.767,4.000,-4.000,4.999
9.8000,6,-4.000,4.000,5.396,4.000,4.000,5.334,-4.000,-4.000,3.767,4.000,-4.000,4.999
9.8100,6,-4.000,4.000,5.396,4.000,4.000,5.334,-4.000,-4.000,3.767,4.000,-4.000,4.999
9.8200,6,-4.000,4.000,5.396,4.000,4.000,5.334,-4.000,-4.000,3.767,4.000,-4.000,5.000
9.8300,6,-4.000,4.000,5.396,4.000,4.000,5.334,-4.000,-4.000,3.767,4.000,-4.000,5.001
9.8400,6,-4.000,4.000,5.396,4.000,4.000,5.334,-4.000,-4.000,3.767,4.000,-4.000,5.000
9.8500,6,-4.000,4.000,5.396,4.000,4.000,5.334,-4.000,-4.000,3.767,4.000,-4.000,4.999
9.8600,6,-4.000,4.000,5.396,4.000,4.000,5.334,-4.000,-4.000,3.767,4.000,-4.000,4.998
9.8700,6,-4.000,4.000,5.396,4.000,4.000,5.334,-4.000,-4.000,3.767,4.000,-4.000,4.997
9.8800,6,-4.000,4.000,5.396,4.000,4.000,5.334,-4.000,-4.000,3.767,4.000,-4.000,4.997
9.8900,6,-4.000,4.000,5.396,4.000,4.000,5.334,-4.000,-4.000,3.767,4.000,-4.000,4.997
9.9000,6,-4.000,4.000,5.396,4.000,4.000,5.334,-4.000,-4.000,3.767,4.000,-4.000,4.997
9.9100,6,-4.000,4.000,5.396,4.000,4.000,5.334,-4.000,-4.000,3.767,4.000,-4.000,4.997
9.9200,6,-4.000,4.000,5.396,4.000,4.000,5.334,-4.000,-4.000,3.767,4.000,-4.000,4.997
9.9300,6,-4.000,4.000,5.396,4.000,4.000,5.334,-4.000,-4.000,3.767,4.000,-4.000,4.998
9.9400,6,-4.000,4.000,5.396,4.000,4.000,5.334,-4.000,-4.000,3.767,4.000,-4.000,4.999
9.9500,6,-4.000,4.000,5.396,4.000,4.000,5.334,-4.000,-4.000,3.767,4.000,-4.000,5.000
9.9600,6,-4.000,4.000,5.396,4.000,4.000,5.334,-4.000,-4.000,3.767,4.000,-4.000,5.000
9.9700,6,-4.000,4.000,5.396,4.000,4.000,5.334,-4.000,-4.000,3.767,4.000,-4.000,5.000
9.9800,6,-4.000,4.000,5.396,4.000,4.000,5.334,-4.000,-4.000,3.767,4.000,-4.000,4.999
9.9900,6,-4.000,4.000,5.396,4.000,4.000,5.334,-4.000,-4.000,3.767,4.000,-4.000,4.999
